Participant,Group,,,,,,,,,,,,,,,,,,,,,,,,,,,,,,,,,,,,,,,,
8,1,dog,cat,fish,birds,pigs,cows,goats,sheep,horses,whales,dolphins,squid,octopus,salmon,trout,pickerel,deer,caribou,elk,moose,bear,raccoons,fox,coyotes,elephants,giraffes,rhinoceroses,gorillas,apes,kangaroos,,,,,,,,,,
9,1,ant ,aardvark ,ant eater,bear ,bison ,beaver ,camel ,cat ,dog ,dingo ,elephant ,emu ,frog ,goat ,hippo ,horse ,iguana ,jaguar ,kangaroo ,leopard ,monkey ,orangutang ,ostrich ,,,,,,,,,,,,,,,,,
10,1,Bear ,Elephant ,cat ,dog ,orangutang ,monkey ,snake ,snail ,bird ,fish ,zebra ,rhinoceros ,alligator ,crocodile ,snake ,squirrel ,chipmunk ,chimpanzee ,lion ,tiger ,cheetah ,panther ,seal ,,,,,,,,,,,,,,,,,
1101,1,horses ,pigs ,chickens ,lamas,lions ,zebras,giraffe ,hippo,flamingo ,buffalo ,leopard ,lemur,squirrel ,owl ,raccoon ,dog ,cat ,parrot ,parakeet ,ferret ,mice,rat ,hamster ,gerbil ,camel ,scorpion,,,,,,,,,,,,,,
1102,1,Giraffe ,elephant ,rhinoceros ,pig ,cow ,horse ,bird ,goat ,donkey ,chicken ,roaster ,duck ,cat ,dog ,guinea-pig ,hamster ,fish ,whale ,dolphin ,tiger ,cougar ,lion,raccoon ,skunk ,beaver ,deer ,elk ,bear ,moose ,caribou ,porcupine ,,,,,,,,,
1103,1,Zebra ,lion,tigers ,bears,alligators ,iguana,gorilla,humans,seahorses ,fish,salamander,horse ,monkeys,hippopotamus ,elephant ,hippopotamus,elephant ,baboon,,,,,,,,,,,,,,,,,,,,,,
1104,1,horse ,sheep ,donkey ,parrot ,dog ,cat ,bird ,rhino,lion,monkey, walrus,,,,,,,,,,,,,,,,,,,,,,,,,,,,,
1105,1,Lion ,tigers ,zebra ,dog,cat,chicken ,bird ,rhinoceros ,hippo,giraffes ,mouse,gerbil ,raccoon ,skunk,leopard ,whale ,fish,cow ,sheep,Lamb ,parrot,,,,,,,,,,,,,,,,,,,
1106,1,dog ,cat ,horse ,elephant ,giraffe ,lion ,zebra ,kangaroo ,crocodile ,fish ,bunny ,tortoise ,turtle,alligator ,parrot ,bird ,goat ,chicken ,pig ,bear ,panda,lizard ,serpent,,,,,,,,,,,,,,,,,
1107,1,Horse ,sheep ,cow ,sparrow ,seahorse ,otter ,weasel ,ferret ,dog ,cat ,whale ,dolphin ,animals ,animals ,sheep,giraffes ,zebras ,lions ,tigers ,leopards ,antelope ,deer ,moose ,bear,,,,,,,,,,,,,,,,
1108,1,Dog ,cat ,sheep ,cricket ,horse ,cow ,pig ,goat ,guinea pig,gerbil ,rabbit ,hamster ,gold,fish ,crocodile ,alligator ,butterfly ,,,,,,,,,,,,,,,,,,,,,,,
1109,1,Zebra ,kangaroo ,rhinoceros ,elephant ,tiger,bird ,bat ,predator ,squirrel ,bird ,dog ,cat ,cow ,horse ,calf ,deer ,bear ,frog ,pig ,,,,,,,,,,,,,,,,,,,,,
1110,1,Lion ,tiger ,bear ,bird ,rhino ,snake ,dog ,cat ,fox ,mink ,squirrel ,rat ,mouse ,ferret,,,,,,,,,,,,,,,,,,,,,,,,,,
1111,1,Ant,aardvark,bear,cat,cheetah,dog,elephant,fox,emu,iguana,jaguar,kangaroo,lion,orangutan,ostrich,giraffe,buffalo,wildebeest,antelope,gazelle,deer,caribou,wolverine,whale,bat,octopus,fish,lemur,slosh,wallaby,wombat.,,,,,,,,,
1112,1,Cat ,dog ,horse ,sheep ,pig ,cow ,chicken ,rooster ,rhinocerous ,lion ,cheetah ,leopard ,panther ,tiger ,zebra ,elephant ,giraffe ,ostrich ,antelope ,gazelle ,panda bear,grizzly bear,polar bear,armadillo ,weasel ,rabbit ,koyote ,wolf ,fox ,groundhog ,raccoon ,squirrel ,,,,,,,,
1113,1,Cat,giraffe,antelope,cantaloupe,gazelle,lion,narwhale,dog,snake,crayfish,lobster,grasshopper,shark,pigeon,earthworm,fruit fly,bat,minnow,rhinoceros,hippopotamus,tiger,jaguar,leopard,cougar,bear,anteater,,,,,,,,,,,,,,
1114,1,Dog,cat,snake,donkey,lion,tiger,bear,shark,goldfish,orangutan,chimpanzee,ape,zebra,rhinoceros,giraffe,squirrel,chipmunk,cat,dog,rat,mouse,hamster,eagle,cardinal,falcon,blue jay,dolphin,whale,blue whale,hammerhead shark,great white,shark ,killer whale,seal,seagull,aardvark,,,,
1123,1,Ants ,snakes ,reptile ,mammal ,shark ,whale ,fish ,giraffe ,lion ,tiger ,bear ,zebra,mussels ,Cray fish ,lobster ,leopard ,warbler ,eagle ,hawk ,parrot ,falcon,,,,,,,,,,,,,,,,,,,
1126,1,Snake ,dog ,bird ,cat ,zebra ,giraffe ,penguin ,lion ,rhino ,elephant ,polar bear,snake,bears ,parrots ,toucans ,moose ,deer ,elk ,hamster ,guinea,pigs,capybaras ,rabbits ,lizards ,frogs ,,,,,,,,,,,,,,,
1135,1,Dog ,cat ,mouse ,squirrel ,skunk ,beaver ,antelope ,deer ,rhinoceros ,hippopotamus ,lion,tiger ,bear, Bat ,robin ,blue-jay ,cardinal ,Ape ,gorilla ,chimpanzee ,orangutan ,wolf ,hound ,salmon ,halibut ,tilapia ,tuna ,marlin ,shark ,blue whale,killer whale,,,,,,,,,
1161,1,Horse,cow,pig,ostrich,camel,dog,cat,fish,birds,tigers,zebra,elephant,giraffe,flamingo,cheetah,rhinoceros,alligator,crocodile,moose,deer,horse,cow,bugs,ladybug,bee,spider,scorpion,,,,,,,,,,,,,
1162,1,Dog ,cat ,ostrich ,horse ,sheep ,fish,pig ,cow ,monkey ,gorilla ,chimpanzee ,orangutang ,wolf ,coyote ,badger ,fox ,mouse ,rat ,mole ,eagle ,elephant ,lion ,zebra ,mere cat,bore ,hippo ,rhino ,fish ,whale ,shark ,seal ,otter ,,,,,,,,
1184,1,Lion,tiger,bear,eagle,rhinoceros,platypus,cat,dog,fish,newt,koala,bear,giraffe,gazelle,snake,ape,chimpanzee,gorilla,alligator,crocodile,lizards,,,,,,,,,,,,,,,,,,,
1185,1,Dog,cat,horse,pig,goat,sheep,tiger,lion,giraffe,rhino,elephant,alpaca,emu,pony,bird,fish,monkey,gorilla,chimpanzee,hippo,whale,dolphin,hog,cow,deer,moose,rooster,chicken,,,,,,,,,,,,
1195,1,Lion ,tiger ,bear ,cheetah ,moose ,spider ,sputmonkey ,monkey ,gorilla ,chimpanzee ,cheetah ,cow ,lion ,hawk ,humming bird ,pigeon ,whale ,fish ,shark ,tropical fish ,water ,ocean ,river ,lake ,antelope ,moose ,polar bear ,black bear ,grizzly bear ,snake ,python ,,,,,,,,,
1199,1,Cat ,dog ,rabbit ,hamster ,bird ,turtle ,horse ,fox ,squirrel ,possum ,raccoon ,crow ,grackle ,seagull ,black bears ,brown bears ,deer ,moose ,elk ,mice ,rat ,snake ,polar bear ,puffin ,cat ,lion ,cheetah ,kangaroo ,wallabies ,,,,,,,,,,,
11116,1,"Lion,","giraffe,","aardvark,","rhino,","camel,","snake,","goat,","llama,","anteater,","orang-utan,","chimpanzee,","whale,","flying fish,","eel,","squirrel,","lizard,","chipmunk,","black bear,","grizzly bear,","salmon,","dog,","cat,","ferret,","mouse,","rat,","gerbil,",,,,,,,,,,,,,,
11117,1,Cat ,dog ,mouse ,rat ,hamster ,gerbil ,zebra ,camel ,lion,tiger ,elephant ,monkey ,gorilla ,ape ,sloth ,skunk ,racoon ,squirrel ,butterfly ,mosquito ,mole ,flamingo ,penguin ,polar bear,lamb ,chicken ,rooster ,pig ,chicken ,cow ,bull ,,,,,,,,,
11118,1,Giraffe ,rhino ,dog ,cat ,zebra ,lion ,tiger ,whale ,bear ,fish ,frog ,ostrich ,cow ,horse ,sheep ,pig ,chicken ,turkey ,deer ,antelope ,walrus ,penguin ,whale ,monkey ,gorilla ,sea,horse ,octopus ,squid ,squirrel ,,,,,,,,,,
11119,1,"Cat,","dog,","frog,","rabbit,","horse,","cow,","pig,","giraffe,","lion,","tiger,","bear,","cheetah,","tiger,","zebra,","alligator,","crocodile,","fish,","turtle,","bird,","otter,","moose,","deer,","wolf,","buffalo,",,,,,,,,,,,,,,,,
11120,1,Cat ,dog ,bird ,lion ,tiger ,zebra ,camel ,hippo ,alligator ,crocodile ,cow ,pig ,chicken ,rooster ,kangaroo ,koala bear ,bear ,fox ,raccoon ,porcupine ,skunk ,rat ,mouse ,,,,,,,,,,,,,,,,,
11121,1,Dog ,cat ,bear ,elephant ,rhino ,lion ,horse ,cow ,pig ,wolf ,deer ,antelope ,moose ,elk ,caribou ,wolverine ,platypus ,kangaroo ,bat ,bird ,fish ,frog ,snake ,lizard ,ant ,bee ,wasp ,hornet ,caterpillar ,cockroach ,bunny ,squirrel ,chipmunk ,gerbil ,,,,,,
11122,1,"Dog,","cat,","bird,","fox,","elephant,","zebra,","lion,","tiger,","penguin,","monkey,","llama,","camel,","raccoon,","squirrel,","hippo,","horse,","turkey,",bunny,"rabbit,",,,,,,,,,,,,,,,,,,,,,
11143,1,Rabbit,moose,kangaroo,shark,goldfish,salmon,trout,pike,bass,monkey,ape,gorilla,snake,boa constrictor,python,garden,snake,mouse,rat,cow,chicken,horse,dog,cat,goat,donkey,lion,tiger,bear,giraffe,rhinoceros,alligator,crocodile,hippopotamus,black bear,brown bear,polar bear,,,
11145,1,Dog,cat,hamster,elephant,crocodile,snake,rat,ferret,ostrich,blue-jay,parrot,cardinal,eagle,falcon,turtle,frog,zebra,elephant,rhino,tiger,lion,cheetah,,,,,,,,,,,,,,,,,,
11147,1,Raccoon,beaver,squirrel,chipmunk,monkey,tiger,lion,dolphin,eagle,dog,cat,ferret,hamster,bird,rhinoceros,gorilla,giraffe,alligator,crocodile,whales,lizards,insects,zebra,horse,cow,pig,chicken,rooster,,,,,,,,,,,,
11151,1,Aardvark,barracuda,cat,dog,mouse,bird,whale,giraffe,lion,tiger,cougar,cheetah,leopard,whale,walrus,seal,dolphin,coyote,kangaroo,wombat,platypus,duck,swan,crow,cardinal,blue-jay,parrot,turtle,fish,dinkus-fish,angelfish,elephant,giraffe,hog pig,,,,,,
11175,1,Koala,bear,dolphin,kangaroo,cat,dog,fish,cow,horse,pig,mouse,cat,giraffe,elephant,rhino,hippo,zebra,camel,lion,tiger,bear,whale,bird,monkey,orang-utan,gorilla,lizard,snake,shark,jelly,fish,,,,,,,,,
11176,1,Lion,tiger,elephant,giraffe,anteater,antelope,duckbilled platypus,whale,dolphin,porpoise,seals,sea lions,birds,alligator,crocodile,hippo,rhino,cat,dog,cow,goat,sheet,monkey,bear,wolf,moose,deer,fox,coyote,fish,humans,snakes,frogs,salamander,ants,insects,spiders,,,
11183,1,Cat,dog,parrot,fox,moose,dear,coyote,wolf,duck,partridge,turkey,chicken,eagle,squirrels,chipmunk,groundhog,mouse,rat,sheep,goat,lion,tiger,zebra,giraffe,bat,,,,,,,,,,,,,,,
11189,1,Alligator,baboon,canary,duck,eagle,ferret,groundhog,hyena,jaguar,leopard,coyote,monkey,gorilla,zebra,snake,lizard,dog,toad,vulture,weasel,wolverine,polar bear,tiger,lion,dog,cat,ant,grasshopper,cricket,butterfly,moth,orang-utan,chimpanzee,,,,,,,
11211,1,dog,cat,horse,lizard,lion,tiger,bear,rat,horse,bull,chicken,lamb,pig,salamander,sloth,monkey,turtle,fish,whale,dolphin,sting ray,eel,bird,ferret,hamster,chinchilla,porcupine,,,,,,,,,,,,,
11214,1,"Cat,","dog,","iguana,","snake,","frog,","elephant,","gorilla,","lion,",polar,"bear,","mammoth,","bear,","tiger,","leopard,",grizzly,"bear,","antelope,","gazelle,","ant-eater,","frog,","ferret,","parrot,","rat,",hedgehog,,,,,,,,,,,,,,,,
11216,1,dogs,cats,bears,lions,tigers,fish,snakes,spiders,birds,rabbit,squirrel,raccoon,cougar,cheetah,puma,elephant,camel,rhino,kangaroo,flamingo,parrot,monkey,gorilla,,,,,,,,,,,,,,,,,
11217,1,dogs,cats,giraffes,antelopes,lions,ferrets,bunnies,gophers,beavers,loons,swans,deer,bears,tigers,hippos,alligators,anteaters,whales,sharks,stingrays,dolphins,parrots,gophers,owls,blue-jays,polar bears,,,,,,,,,,,,,,
11221,1,"Frogs,","lions,","tigers,","rhinos,","giraffes,","hippos,","crocodiles,","iguanas,","horses,","pigs,","cows,","whales,","birds,","dogs,","cats,","dolphins,","sharks,","turtle,","octopi,","deer,","antelope,","puma,","bear,","lynx,","black bear,","polar bear,","spider,","buffalo,","bison,",ostrich,,,,,,,,,,
11226,1,cat,dog,monkey,whale,dinosaur,chimpanzee,orangutan,ape,dolphin,fish,squid,tuna,giraffe,lion,shark,birds,falcon,eagle,elephant,crocodile,,,,,,,,,,,,,,,,,,,,
11249,1,giraffe,zebra,lion,crocodile,alligator,bat,fish,rhino,pelican,parrot,dog,cat,mouse,bird,racoon,squirrel,pig,,,,,,,,,,,,,,,,,,,,,,,
11259,1,"Cat,","dog,","horse,","rat,","lemur,","parrot,","emu,","shark,","quail,","bull,","tiger,","lion,","gorilla,","penguin,","human,","bear,","snake,","salamander,","catfish,","narwhal,","whale,","bald-eagle,",hawk,,,,,,,,,,,,,,,,,
11278,1,"Lion,","tiger,","zebra,","rhinoceros,","elephant,","giraffe,","lamb,","alligator,","bird,","eagle,","flamingo,","hawk,","fish,","zebrafish,","cod,","shark,","whale,","dolphin,","lizard,","porcupine,","racoon,","squirrel,","mouse,","rat,","mole,","dog,","horse,","monkey,","gorilla,","chimpanzee,","human,","panther,","bear,","worm,","cod,","blowfish,","seal,",turtle,,
BJ,,,,,,,,,,,,,,,,,,,,,,,,,,,,,,,,,,,,,,,,,
11302,1,zebra,tiger,camel,rhino,kangaroo,whale,cat,dog,frog,beaver,antelope,cheetah,gorilla,orangutan,panda,snake,penguin,polar bear,elephant,horses,lamb,goat,peacock,eagle,,,,,,,,,,,,,,,,
11304,1,elephant,camel,panda,ape,monkey,snake,giraffe,koala bear,grizzly bear,lions,tigers,bears,penguins,hippo,dogs,cats,wolves,coyotes,moose,,,,,,,,,,,,,,,,,,,,,
11306,1,dog,cat,sheep,lamb,cow,pig,zebra,camel,alpaca,lama,goat,guinea pig,hamster,tiger,leopard,cheetah,gorilla,orangutan,monkey,rabbit,bunny,bear,,,,,,,,,,,,,,,,,,
11309,1,zebra,monkey,lion,tiger,bear,gorilla,orangutan,hippopotamus,rhinoceros,eagle,hawk,giraffe,elephant,cat,dog,parrot,bunny,squirrel,chipmunk,raccoon,shark,whale,,,,,,,,,,,,,,,,,,
11313,1,,,,,,,,,,,,,,,,,,,,,,,,,,,,,,,,,,,,,,,,
11361,1,,,,,,,,,,,,,,,,,,,,,,,,,,,,,,,,,,,,,,,,
11365,1,flamingo,rhinoceros,camel,zebra,lion,horse,sloth,crocodile,alligator,hippopotamus,dog,cat,rat,mouse,bird,blue jay,eagle,hawk,cheetah,antelope,muskrat,hedgehog,groundhog,moose,caribou,deer,bug,bobcat,tiger,,,,,,,,,,,
11390,1,dog,cat,zebra,fish,bird,rhino,pelican,caterpillar,grasshopper,dragon,fly,,,,,,,,,,,,,,,,,,,,,,,,,,,,,
11400,1,giraffe,tiger,rhino,dog,cat,leopard,wolf,coyote,falcon,eagle,blue jay,crow,whale,dolphin,orca,gold fish,squirrel,chipmunk,zebra,elephant,,,,,,,,,,,,,,,,,,,,
11404,1,dog,cat,mouse,lizard,rat,mole,groundhog,seahorse,whale,dolphin,badger,weasel,ferret,camel,donkey,mule,horse,orangutan,tiger,lion,wolf,eagle,falcon,vulture,,,,,,,,,,,,,,,,
11411,1,dogs,cats,snakes,lions,tigers,leopards,giraffe,camel,falcon,eagles,hyenas,antelope,bison,monkey,panda,bears,grizzly bears,black bears,lizards,birds,insects,humans,cockroach,ants,spiders,centipedes,,,,,,,,,,,,,,
11414,1,cheetah,lion,tiger,ostrich,flamingo,fish,rhinoceros,duck,dog,wolf,labrador,rottweiler,German shepherd,octopus,,,,,,,,,,,,,,,,,,,,,,,,,,
11417,1,giraffe,hippo,zebra,lion,tiger,crocodile,anteater,panda,alligator,raccoon,polar bear,dog,cat,fish,deer,moose,turtle,frog,toad,buffalo,elk,rhinoceros,snake,,,,,,,,,,,,,,,,,
11423,1,aardvark,elephant,giraffe,dog,cat,lion,jaguar,tiger,zebra,crocodile,alligator,peacock,budgie,osprey,eagle,fox,deer,moose,caribou,elk,partridge,turkey,blue jay,robin,pheasant,rhino,bear,pigeon,mudpuppy,,,,,,,,,,,
11424,1,snake,rabbit,fox,dog,cat,bat,dolphin,whale,walrus,zebra,cheetah,tiger,lion  bear,eagle,peacock,skunk,chiwawa,cricket,butterfly,lady bug,worm,crow,polar bear,panda,gorilla,panther,,,,,,,,,,,,,,
11427,1,,,,,,,,,,,,,,,,,,,,,,,,,,,,,,,,,,,,,,,,
11430,1,,,,,,,,,,,,,,,,,,,,,,,,,,,,,,,,,,,,,,,,
11431,1,,,,,,,,,,,,,,,,,,,,,,,,,,,,,,,,,,,,,,,,
11432,1,,,,,,,,,,,,,,,,,,,,,,,,,,,,,,,,,,,,,,,,
11434,1,,,,,,,,,,,,,,,,,,,,,,,,,,,,,,,,,,,,,,,,
11435,1,,,,,,,,,,,,,,,,,,,,,,,,,,,,,,,,,,,,,,,,
11436,1,,,,,,,,,,,,,,,,,,,,,,,,,,,,,,,,,,,,,,,,
11437,1,,,,,,,,,,,,,,,,,,,,,,,,,,,,,,,,,,,,,,,,
11438,1,,,,,,,,,,,,,,,,,,,,,,,,,,,,,,,,,,,,,,,,
11439,1,,,,,,,,,,,,,,,,,,,,,,,,,,,,,,,,,,,,,,,,
11440,1,,,,,,,,,,,,,,,,,,,,,,,,,,,,,,,,,,,,,,,,
11490,1,aardvark,anteater,snake,sloth,horse,zebra,elephant,deer,moose,marmoset,owl,skunk,squirrel,frog,spider,snail,beetle,,,,,,,,,,,,,,,,,,,,,,,
11491,1,salamander,snakes,alligators,giraffe,lions,tigers,bears,monkeys,peacock,penguins,dog,cat,owl,hamsters,pigs,cows,chicken,,,,,,,,,,,,,,,,,,,,,,,
11493,1,zebra,rhino,camel,jaguar,cougar,mountain lion,cat,dog,fish,rabbit,chicken,cow,duck,horse,owl,birds,hippopotamus,tiger,lion,opossum,hedgehog,armadillo,aardvark,,,,,,,,,,,,,,,,,
11497,1,dog,cat,mouse,rat,frog,pig,eagle,albatross,anteater,ant,bat,crow,elephant,flamingo,fox,hippo,giraffe,iguana,llama,monkey,mammal,ostrich,orangutan,octopus,opossum,rhino,snake,python,zebra,,,,,,,,,,,
11498,1,monkey,orangutan,chimps,gorillas,dogs,cats,mice,rats,bunnies,Guinea pigs,gopher,groundhog,lions,tigers,bears,giraffes,zebra,alpaca,llama,hamsters,gerbil,ducks,goose,moose,deer,Caribou,polar bear,panda,grizzly bear,dolphin,sharks,snakes,frogs,turtles,cows,horse,sheep,goat,chicken,fish
11500,1,dog,cat,lizard,fish,rabbit,whale,bear,lion,rhinoceros,camel,cheetah,elephant,raccoon,squirrels,mouse,skunk,moose,deer,antelope,shark,jelly fish,dolphin,eagle,ox,beagle,pelican,seal,sloth,,,,,,,,,,,,
11504,1,badger,beaver,mouse,rat,dog,cat,otter,antelope,wolf,cougar,tiger,lion,elephant,rhino,zebra,aardvark,fish,shark,squid,octopus,snail,ant,bee,hornet,wasp,worm,fly,,,,,,,,,,,,,
11510,1,mammals,cows,chickens,frogs,snakes,birds,bugs,insects,tadpoles,polar bears,grizzly bears,black bears,lamprey,eel,great white sharks,blue whales,termites,seagulls,alligator,flamingo,crocodiles,snails,grasshoppers,,,,,,,,,,,,,,,,,
11515,1,birds,fish,tiger,cheetah,cats,dogs,wolves,frogs,snakes,monkeys,whales,dolphins,giraffes,seagulls,bunny,rabbits,hamsters,gerbils,lizards,lions,zebras,horses,,,,,,,,,,,,,,,,,,
11517,1,dogs,cats,kitten,mouse,orangutan,ape,lynx,opossum,antelope,lion,tiger,bear,chipmunk,squirrel,porcupine,fox,moose,beaver,koala,kangaroo,wolves,camel.,,,,,,,,,,,,,,,,,,
11525,1,cat,dog,lion,rhinoceros,camel,snake,hamster,gerbil,guinea pig,zebra,tiger,giraffe,polar bear,bear,black bear,cougar,bob cat,rabbit,hippo,elephant,fish,shark,,,,,,,,,,,,,,,,,,
11530,1,hamster,dog,cat,rat,lizard,gold fish,dolphin,shark,otter,gorilla,lion,monkey,bear,deer,fish,eagle,bird,guinea pig,ferret,,,,,,,,,,,,,,,,,,,,,
11532,1,aardvark,dog,lion,tiger,snake,emu,leopard,hyena,monkey,ape,turtle,tortoise,frog,fish,Dolphin,whale,starfish,pig,cow,chicken,buffalo,turkey,wolf,moose,deer,polar bear,,,,,,,,,,,,,,
11533,1,elephant,dog,cat,giraffe,panda,penguin,rhino,camel,lion,tiger,zebra,rabbit,kangaroo,koala,wombat,chipmunk,platypus,shark,whale,fish,jelly fish,octopus,squid,crows,eagle,parrot,canary,kookaburra,hamster,crocodile,squirrel,moose,deer,cow,sheep,chicken,pig,ant,,
11537,1,snake,hamster,cat,dog,horse,pig,donkey,mule,chicken,lamb,goat,bird,monkey,giraffe,rhinoceros,lizard,butterfly,mouse,rat,squirrel,raccoon,wolf,coyote,fox,deer,moose,owl,elephant,shark,,,,,,,,,,,
11538,1,kangaroo,lion,butterfly,caterpillar,dog,cat,monkey,cow,pig,mice,giraffe,rabbit,sheep,horses,fish,whale,dolphin,birds,dinosaur,humans.,,,,,,,,,,,,,,,,,,,,
11541,1,cats,dogs,horses,elephants,rhinos,giraffes,mammals,snakes,bats,birds,hamsters,gerbils,rodents,lions,tigers,zebras,bears,gophers,raccoons,bunnies,golden retriever,schnauzer,chow(chow chow dog),Persian (cat),Tabby(cat),seagull,sparrow,dolphin,swallow,,,,,,,,,,,
11542,1,lion,tiger,kangaroo,panda,chimpanzee,fish,dog,cat,horse,camel,giraffe,hippo,rhino,monkey,gorilla,narwhal,dolphin,whale,grass hopper,pony,deer,raccoon,squirrel,chipmunk,parrot,bird,rabbit,bunny,,,,,,,,,,,,
11543,1,cat,dog,snake,giraffe,hippo,zebra,gecko,lizard,iguana,fish,shark,dolphin,lion,tiger,alpaca,camel,raccoon,squirrel,rat,moose,owl,bird,eagle,,,,,,,,,,,,,,,,,
11544,1,albatross,camel,lion,elephant,cat,dog,horse,ocelot,emu,ostrich,eagle,robin,gerbil,snake,lizard,hamster,beaver,moose,caribou,cow,pig,duck,squirrel,chipmunk,anteater,buffalo,,,,,,,,,,,,,,
11549,1,lion,dog,cat,rabbit,tiger,elephant,zebra,camel,fish,wolves,aardvark,rhino,mouse,rat,leopard,snow leopard,monkey,gorilla,,,,,,,,,,,,,,,,,,,,,,
11552,1,bear,tiger,elephant,koala,wallaby,dog,cat,fish,panda,bird,hamster,chinchilla,snake,whale,dolphin,giraffe,zebra,deer,moose,duck,goose,turkey,rabbit,,,,,,,,,,,,,,,,,
11553,1,beaver,deer,lion,tiger,panda,zebra,rhino,camel,dog,cat,snake,mouse,rat,gecko,lizard,fish,raccoon,skunk,squirrel,dolphin,whale,shark,giraffe,,,,,,,,,,,,,,,,,
11598,1,,,,,,,,,,,,,,,,,,,,,,,,,,,,,,,,,,,,,,,,
11599,1,,,,,,,,,,,,,,,,,,,,,,,,,,,,,,,,,,,,,,,,
11600,1,,,,,,,,,,,,,,,,,,,,,,,,,,,,,,,,,,,,,,,,
11635,1,dog,zebra,elephant,fox,wolf,bear,turtle,boar,cow,moose,rabbit,mouse,raccoon,panda,snake,cat,tiger,lion,jaguar,leopard,kangaroo,flamingo,,,,,,,,,,,,,,,,,,
11636,1,dogs,cats,rhinoceros,camel,goat,sheep,monkey,whales,fish,bears,lizard,insect,birds,guinea pigs,pigs,cows,tiger,lion,gorilla,antelope,,,,,,,,,,,,,,,,,,,,
11640,1,aardvark,bear,cat,dog,elephant,fish,giraffe,horse,iguana,jaguar,kangaroo,leopard,mouse,penguin,zebra,snake,tarantula,bee,bug,,,,,,,,,,,,,,,,,,,,,
11692,1,cat,dog,fish,goat,sheep,lion,tiger,bear,cow,chicken,pig,elephant,hawk,eagle,turtle,snail,caterpillar,lady bug,fly,rabbit,spider,chinchilla,guinea pig,horse,zebra,rhinoceros,hippopotamus,,,,,,,,,,,,,
11796,1,cat,dog,fish,hamster,rat,snake,elephant,tiger,lion,cheetah,fish,frogs,newts,whale,shark,dolphin,polar bears,lemurs,squirrels,chipmunks,monkeys,insects,amphibians,salamanders,rhino,,,,,,,,,,,,,,,
11818,1,cat,dog,cheetah,rhino,hippo,lion,tiger,crane,turkey,chicken,cow,donkey,pig,snake,lizard,lynx,polar bear,bears,moose,beaver,loon,squirrels,chipmunk,swan,,,,,,,,,,,,,,,,
11819,1,monkey,kangaroo,giraffe,elephant,cat,dog,iguana,bunny,rabbit,bugs,pigs,chickens,cows,roosters,lambs,sheep,rhinos,cheetahs,lions,bears,koala,snake,rat,alligator,crocodile,chimpanzees,,,,,,,,,,,,,,
11822,1,snakes,ants,dogs,birds,cats,fish,salamanders,eels,lions,tigers,dolphins,whales,lizards,geckos,rhinos,giraffes,elephants,,,,,,,,,,,,,,,,,,,,,,,
11824,1,snake,dog,cat,lion,tiger,bear,frog,chimpanzee,monkey,gorillas,hippos,camels,kangaroos,fox,wolf,bird,pigeon,groundhog,,,,,,,,,,,,,,,,,,,,,,
11825,1,dog,cat,armadillo,elephant,tiger,bear,lion,seal,whale,shark,fish,monkey,gorilla,lamprey,frog,toad,mink,sloth,lemur,zebra,giraffe,hippo,jaguar,turtle,dolphin,,,,,,,,,,,,,,,
11826,1,bats,rats,cats,dogs,horses,cows,pigs,sheep,ducks,geese,fish,rhino,lion,tiger,bear,zebra,hyena,giraffe,squirrel,chipmunk,badger,sloth,butterfly,bumblebee,fly,dragonfly,water bug,buffalo,gazelle,deer,fox,rabbit,coyote,wolf,antelope,anteater,armadillo,hedgehog,,
11827,1,dog,cat,lion,frog,horse,mouse,gorilla,ape,monkey,chicken,cow,pig,tiger,bird,,,,,,,,,,,,,,,,,,,,,,,,,,
11830,1,dog,cat,elephant,rhinoceros,lion,camel,giraffe,bear,platypus,kangaroo,koala,squirrel,iguana,gorilla,monkey,snake,rat,mouse,hamster,guinea pig,pig,bird,zebra,gazelle,deer,lynx,fox,porcupine,skunk,,,,,,,,,,,
11831,1,bear,cat,lion,giraffe,rhino,leopard,polar bear,snake,dog,fish,dolphin,whale,sea cucumber,seahorse,shark,kangaroo,frog,lizard,monkey,,,,,,,,,,,,,,,,,,,,,
11837,1,anteater,elephant,giraffe,lion,rhinoceros,tiger,bird,cat,dog,chinchilla,lynx,moose,deer,mice,mink,marten,lemur,manatee,whale,fish,bear,sloth,koala,kangaroo,,,,,,,,,,,,,,,,
11839,1,sheep,horses,pigs,cows,chickens,zebra,camel,rhinos,lions,panthers,jaguars,penguins,tigers,bears,frogs,turtles,lizards,blue jays,hummingbirds,whales,fish,dogs,cats,hamsters,bunnies.,,,,,,,,,,,,,,,
11843,1,lion,cat,dog,monkey,alligator,crocodile,cheetah,fish,flamingo,penguin,shark,dolphin,bird,scorpion,snake,camel,ant,rabbit,hamster,guinea pig,pig,cow,horse,chicken,frog,,,,,,,,,,,,,,,
,,,,,,,,,,,,,,,,,,,,,,,,,,,,,,,,,,,,,,,,,
1201,2,Chicken,dog,cat,mice,rat,cattle,oxen,horses,pony,turkey,ducks,geese,fish,salmon,trout,chickadees,black,birds,,,,,,,,,,,,,,,,,,,,,,
1202,2,Dog,cat,sheep,cow,horse,donkey,camel,elephant,zebra,lion,tiger,alpaca,llama,gazelle,monkey,chimpanzee,gorilla,Komodo dragon,pony,leopard,cheetah,rhinoceros,hippopotamus,,,,,,,,,,,,,,,,,
1203,2,"Rhinocerous,","kangaroo,","armadillo,","cow,","pig,","chicken,","horse,","sheep,","platypus,","kiwi,","crocodile,","alligator,","elephant,","giraffe,","gorilla,","black bear,","grizzly bear,","ostrich,","lemur,","cat,","dog,","guinea pig,",,,,,,,,,,,,,,,,,,
1204,2,Cat,dog,emus,antelope,lion,tiger,mouse,snake,squirrel,rabbit,frog,squirrel,horse,cow,pig,donkey,elephant,hippopotamus,giraffe,camel,,,,,,,,,,,,,,,,,,,,
1205,2,Elephant,zebra,dog,cat,mouse,beetle,worm,fish,pterodactyl,robin,heron,duck,goose,blue jay,black bird,raven,trout,salmon,snail,turtle,halibut,gerbil,,,,,,,,,,,,,,,,,,
1206,2,Lions,tigers,squirrels,chipmunks,pigs,cows,dogs,cats,camels,leopards,tigers,horses,moles,rats,mice,moles,beavers,elks,moose,reindeer,,,,,,,,,,,,,,,,,,,,
1207,2,Ant,grasshopper,dog,cat,fox,antelope,leopard,lion,cheetah,giraffe,gazelle,elephant,tiger,rhinoceros,hippopotamus,gazelle,duck,chicken,hen,rooster,minks,stoat,raccoon,,,,,,,,,,,,,,,,,
1208,2,Dog,cat,raccoon,ferret,goldfish,bear,cheetah,lion,leopard,panther,puma,cougar,lynx,bobcat,giraffe,moose,deer,antelope,gazelle,buffalo,bison,zebra,crocodile,alligator,camen,skunk,weasel,,,,,,,,,,,,,
1209,2,Tiger,horse,dog,cat,rhinoceros,moose,chicken,sheep,cow,raccoon,mole,mouse,rat,badger,skunk,giraffe,buffalo,,,,,,,,,,,,,,,,,,,,,,,
1210,2,Lions,tigers,cheetahs,house cats,turtles,doves,robins,blue-jays,aardvarks,kangaroos,snakes,raccoons,bats,owls,foxes,snails,fish,elephants,whales,,,,,,,,,,,,,,,,,,,,,
1211,2,cats,dogs,sheep,mice,cows,foxes,birds,kangaroos,lions,llamas,lemurs,tigers,panthers,mice,rats,squirrels,raccoons,owls,elephants,moles,gophers,skunks,zebras,horses,mules,donkeys,asses,,,,,,,,,,,,,
1264,2,Dog,cat,horse,pig,chickens,bears,moose,squirrels,skunks,snakes,fish,birds,,,,,,,,,,,,,,,,,,,,,,,,,,,,
1265,2,Cat,dog,sheep,cows,bull,deer,moose,snakes,rabbit,lion,zebra,groundhogs,racoons,skunks,horses,bulls,sheep,goats,lamas,camels,alpacas,elephants,giraffes,mules,donkeys,,,,,,,,,,,,,,,
1267,2,Cat,dog,pig,horse,deer,bird,octopus,orangutan,panther,mere-cat,muscle,kangaroo,elephant,lion,cricket,oyster,fish,worm,snake,grackle,pigeon,crow,heron,duck,,,,,,,,,,,,,,,,
1268,2,Elephant,rhinoceros,leopard,lion,cheetah,baboon,civet,cat,dog,horse,cow,sheep,goat,Shetland pony,polar bear,black bear,wolf,fox,beaver,camel,giraffe,zebra,muskoxen,lama,platypus,,,,,,,,,,,,,,,
1270,2,Dog,cat,horse,lizard,hippopotamus,kangaroo,lion,elephant,cat,dog,iguana,donkey,monkey,chimpanzee,orangutan,,,,,,,,,,,,,,,,,,,,,,,,,
1272,2,Dog,cat,cow,sheep,lama,elephant,fox,giraffe,tiger,lion,beaver,groundhog,elk,rat,camel,dromedary,,,,,,,,,,,,,,,,,,,,,,,,
1273,2,Ant,gopher,deer,bear,tiger,lion,elephant,giraffe,dog,cat,mouse,chipmunk,squirrel,bird,snake,crocodile,alligator,rhinoceros,kangaroo,koala,zebra,unicorn,,,,,,,,,,,,,,,,,,
1278,2,Rhinoceros,camel,giraffe,zebra,eland,deer,bear,dog,cat,Chihuahua,alligator,crocodile,possums,muskrat,beaver,otter,sealion,whales,panda,koala,horse,cow,sheep,donkey,mule,colts,calf,,,,,,,,,,,,,
12100,2,Dog,cat,horse,cow,chicken,rooster,duck,pig,sheep,lion,elephant,giraffe,bear,wolf,caribou,hippopotamus,rhinoceros,monkey,raccoon,fox,weasel,groundhog,wolf,,,,,,,,,,,,,,,,,
12104,2,Cat,dog,raccoon,mouse,rat,tiger,lion,elephant,rhino,giraffe,skunk,chihuahua,fox,wolf,"bear,","panda,",black,"bear,","chickadee,",cheetah,wolf,,,,,,,,,,,,,,,,,,,
12105,2,Dog,cat,horse,cow,lion,tiger,elephant,hippopotamus,rhinoceros,camel,monkey,rabbit,squirrel,raccoon,beaver,monkey,sheep,calf,rabbit,hare,,,,,,,,,,,,,,,,,,,,
12107,2,"Horse,","cow,","pig,","chicken,","salmon,","trout,","cod,","bass,","whales,","dofins,","corpuses,","albatrosses,","pigs,","duck,","geese,","deer,","moose,","elk,","bears,","links,","wildcats,","lions,","tigers,","zebras,","leopards,","jaguars,","cobras,","fishers,","mink,",,,,,,,,,,,
12133,2,"Pig,","cat,","dog,","steer,","horse,","camel,","lion,","rhinoceros,","zebra,","mouse,","rat,","squirrel,","lizard,","cow,","calf,","steer,","pig,","wiener,","gilt,","boar,","hog,","sow,","steer,","bull,","calf,","pony,","stallion,","mare,","bitch,","stud,",,,,,,,,,,
12135,2,"Mule,","horse,","goat,","cow,","rhino,","dog,","human,","horse,","camel,",,,,,,,,,,,,,,,,,,,,,,,,,,,,,,,
12136,2,"Rhinoceros,","horse,","dog,","cat,","chipmunk,","squirrel,","lion,","giraffe,","cow,","sheep,","goat,","dog,","hamster,","gorilla,","tiger,","leopard,","ox,","deer,","elk,","moose,","pig,",,,,,,,,,,,,,,,,,,,
12159,2,"Dog,","cat,","goat,","antelope,","deer,","lion,","zebra,","hippopotamus,","elephant,","tiger,","cheetah,","cow,","horse,","pig,","mule,","deer,","antelope,","wolf,",giraffe,,,,,,,,,,,,,,,,,,,,,
12160,2,Elephant,zebra,lion,tiger,jaguar,camel,horse,cow,sheep,emu,ram,lamb,dog,pup,chihuahua,pincer,cow,coffer,bull,calf,stallion,cat,kitten,,,,,,,,,,,,,,,,,
12161,2,Tiger,cat,dog,lion,rhinoceros,camel,beaver,cat,puma,leopard,lemur,ape,gorilla,monkey,giraffe,buffalo,cow,horse,bison,ground,hog,badger,mouse,rat,pig,bore,,,,,,,,,,,,,,
12164,2,Giraffe,cow,bear,cat,dog,rabbit,elephant,whale,rhinoceros,leopard,tiger,crocodile,alligator,snakes,spiders,guinea,pig,rabbit,chinchilla,,,,,,,,,,,,,,,,,,,,,
12165,2,Lion,tiger,zebra,elephant,unicorn,snake,blue-jays,cardinals,swallows,hippopotamus,rhinoceros,zebra,cows,pigs,chicken,goat,sheep,yak,llama,oriels,bluebird,hummingbird,penguin,emu,walrus,whale,dolphin,,,,,,,,,,,,,
12166,2,Dog,cat,elephant,tiger,owls,sparrow,robin,wolf,wolverine,monkey,eagle,hawk,falcon,raven,crow,rattler,cobra,garden,snake,horse,pony,donkey,,,,,,,,,,,,,,,,,,
12191,2,Goats,pigs,sheep,cows,horses,lambs,cats,dogs,birds,rhinoceros,camels,tigers,panthers,elephants,polar bears,whales,monkeys,snakes,,,,,,,,,,,,,,,,,,,,,,
12252,2,"Dogs,","friendly,","puppy,","cat,","kangaroos,","cats,","dogs,","elephants,","tigers,","lions,","Chihuahuas,",cavalier,king Charles,"spaniel dog,","trainable dogs,","therapy  dogs,","kittens,","porcupines,",skunks,,,,,,,,,,,,,,,,,,,,,
12263,2,"Cats,","dogs,","toads,","gerbils,","cows,","donkeys,","horses,","squirrels,","sheep,","deer,","walrus,","sheep,","man,","seal,","coyotes,","rabbit,","chipmunks,",squirrels,,,,,,,,,,,,,,,,,,,,,,
12203,2,"Lion,","tiger,","panther,","cat,","dog,","moose,","horse,","cow,","pig,","hen,","duck,","stork,","heron,","chickadee,","beaver,","muskrat,","mink,","porcupine,","otter,","lamb,",sheep,,,,,,,,,,,,,,,,,,,
12280,2,"Dog,","cat,","monkey,","elephant,","giraffe,","tiger,","lion,","fox,","muskrat,","wolf,","ferret,","cow,","sheep,","pig,",rooster,,,,,,,,,,,,,,,,,,,,,,,,,
12287,2,"cats,","dogs,","horses,","donkeys,","lions,","tigers,","sheep,","cows,","antelope,","reindeer,","armadillo,","gazelle,","hippopotamus,","elephant,","beavers,","mice,","rats,","muskrat,","otter,",possum,,,,,,,,,,,,,,,,,,,,
BJ,,,,,,,,,,,,,,,,,,,,,,,,,,,,,,,,,,,,,,,,,
12288,2,Frog,bison,elephant,giraffe,tiger,lion,leopard,bear,orangutan,monkey,zebra,panda,puppy,kitten,cat,dog,minx,cougar,,,,,,,,,,,,,,,,,,,,,,
12289,2,cat,dog,mouse,lion,tiger,leopard,horse,zebra,monkey,giraffe,gorilla,rhinoceros,water buffalo,skunk,porcupine,squirrel,rat,,,,,,,,,,,,,,,,,,,,,,,
12291,2,ape,monkey,dogs,cats,rabbits,giraffes,hippopotamus,pigs,horses,chickens,llamas,crocodiles,ducks,geese,insects,birds,canaries,tigers,whale,,,,,,,,,,,,,,,,,,,,,
12293,2,cat,dog,hamster,tortis,gerbil,monkey,lion,tiger,rhinoceros,elephant,crocodile,cammen,birds,chimpanzee,orangutan,lizard,snake,butterfly,spider,ants,horse,goat,pig,hen,ducks,turkeys,chickens,cow,kangaroos.,,,,,,,,,,,
12295,2,foxes,alligators,crocodiles,caimans,snakes,lizards,newts,frogs,toads,horses,sheep,cows,pigs,kangaroo,lions,tigers,giraffes,wildebeest,camels,dogs,cats,kittens,,,,,,,,,,,,,,,,,,
12296,2,lion,giraffe,elephant,alligator,crocodile,zebra,hyena,rhinoceros,camel,gorilla,monkey,aardvark,snake,cow,pig,horse,cat,dog,chicken,lynx,bear,moose,deer,rabbit,mice,ox.,,,,,,,,,,,,,,
12301,2,dog,cat,mouse,hamster,rat,horse,pig,cow,chicken,hen,grouse,birds,partridge,parrot,pigeon,ant,spider,cricket,bed bug,cockroach,silverfish,,,,,,,,,,,,,,,,,,,
12312,2,cat,dog,hamster,raccoon,tiger,lion,ocelot,jaguar,bear,zebra,elephant,rhinoceros,giraffe,otter,beaver,weasel,alligator,crocodile,,,,,,,,,,,,,,,,,,,,,,
12318,2,cat,dog,donky,horse,cow,rabbit,squirrel,chipmunk,fox,lion,elephant,giraffe,zebra,monkey,bear,moose,deer,hedgehog,mouse,skunk,,,,,,,,,,,,,,,,,,,,
12321,2,ape,barracuda,horse,cow,pig,cheetah,lion,tiger,elephant,ostrich,emu,ally cat,dog,zebra,giraffe,antelope,crocodile,rabbit,hare,rooster,steed,bison,,,,,,,,,,,,,,,,,,
12322,2,ant,kangaroo,cat,dog,hippopotamus,zebra,ostrich,emu,fish,hyena,lion,tiger,sheep,horse,cow,pig,chicken,rooster,turtle,duck,swan,hummingbird,pigeon,eagle,caterpillar,butterfly,dragonfly,mosquito,blackfly,snake,spider,,,,,,,,,
12323,2,cat,dog,ferret,camel,tiger,kangaroo,beaver,muskrat,rat,mouse,alligator,crocodile,elephant,rhinoceros,leopard,puma,panther,gorilla,lemur,monkey,pigs,,,,,,,,,,,,,,,,,,,
12324,2,cow,horse,sheep,donkey,duck,goose,tiger,lion,elephant,giraffe,wildebeest,gazelle,fox,wolverine,muskrat,fish,cat,leopard,mountain lion,cougar,alligator,whale,barracuda,mouse,ground hog,mole,spider,ant,,,,,,,,,,,,
12326,2,giraffe,lion,tiger,leopard,bear,gorilla,cat,dog,mouse,bird,skunk,seal,whale,elephant,polar bear,raccoon,wild turkey,chicken,,,,,,,,,,,,,,,,,,,,,,
12327,2,dog,cats,rats,bats,zebras,leopards,lions,cows,chickens,ducks,elephants,orangutans,hyenas,antelopes,horses,camels,,,,,,,,,,,,,,,,,,,,,,,,
12348,2,cat,dog,giraffe,lion,ape,monkey,gorilla,orangutan,horse,cow,sheep,ram,goat,squirrel,chipmunk,raccoon,fox,skunk,porcupine,wolf,anteater,tiger,cheetah,elephant,jaguar,,,,,,,,,,,,,,,
12350,2,dog,cat,raccoon,skunk,groundhog,horse,cow,chickens,sheep,goats,donkeys,llama,lions,tigers,zebras,fish,snake,alligator,crocodile,snail,worm,cricket,bug,spider,,,,,,,,,,,,,,,,
12354,2,dog,cat,sheep,pigs,cows,donkeys,zebra,elephant,eland,elk,deer,gnu,koala,kangaroo,rhino,pig,black bear,,,,,,,,,,,,,,,,,,,,,,,
12356,2,zebra,hippopotamus,elephant,tiger,lion,mouse,kangaroo,wombat,shark,octopus,dragonfly,ladybug,cockroach,parrot,penguin,ostrich,emu,june bug,firefly,caterpillar,butterfly,firefly,spider,dog,cat,gerbil,hamster,chameleon,gecko,lizard,,,,,,,,,,
12357,2,elephant,dog,cat,fish,lion,tiger,raccoon,lizard,crocodile,snake,zebra,giraffe,gorilla,monkey,buffalo,,,,,,,,,,,,,,,,,,,,,,,,,
12358,2,ant,bear,deer,bison,squirrel,rabbit,horse,cow,dog,cat,elephant,giraffe,crocodile,sheep,pig,owl,hippopotamus,,,,,,,,,,,,,,,,,,,,,,,
12367,2,bear,horse,dog,cat,cattle,kangaroo,elephant,hippopotamus,rhinoceros,raccoon,skunk,deer,wolf,moose,caribou,fox,weasel,goat,sheep,lion,giraffe,zebra,jaguar,cheetah,gorilla,ape,,,,,,,,,,,,,,
12369,2,dog,cat,jaguar,guinea pig,goat,chicken,cow,horse,lion,leopard,panda,bear,monkey,zebra,snake,coyote,cougar,,,,,,,,,,,,,,,,,,,,,,,
12389,2,cat,dog,bird,rooster,chicken,duck,geese,tiger,lion,rhinoceros,zebra,squirrel,raccoon,dove,camel,elephant,alligator,rabbit,mouse,rat,,,,,,,,,,,,,,,,,,,,
12559,2,,,,,,,,,,,,,,,,,,,,,,,,,,,,,,,,,,,,,,,,
12560,2,elephant,cows,monkeys,zebras,tigers,lions,sheep,chickens,dogs,cats,crocodiles,alligators,llamas,penguins,kangaroos,dingo,whales,seals,moose,deer,rabbits,ducks,geese,porcupines,,,,,,,,,,,,,,,,
12561,2,zebra,giraffe,rhinoceros,elephant,lion,tiger,leopard,cow,horse,pig,squirrel,chipmunk,monkey,baboon,wildebeest,,,,,,,,,,,,,,,,,,,,,,,,,
12562,2,cat,dog,rabbit,ferret,horse,cow,bull,sheep,goat,donkey,elephant,lion,bird,rhino,hippo,zebra,panther,,,,,,,,,,,,,,,,,,,,,,,
12564,2,dogs,cats,horses,elephants,kangaroos,monkeys,gorillas,hippopotamus,rhinoceros,giraffe,donkey,wolf,fox,cheetah,zebra,moose,deer,cow,antelope,llamas,goats,sheep,,,,,,,,,,,,,,,,,,
12565,2,cats,dogs,tigers,lions,cheetahs,elephants,leopards,monkeys,rats,mice,rhinoceros,hippopotamus,giraffe,porcupines,raccoons,squirrels,,,,,,,,,,,,,,,,,,,,,,,,
12566,2,gorillas,chimpanzees,orangutan,marmot,dogs,cats,mice,moles,foals,lions,hippopotamus,rhinoceros,giraffes,dik-dik,eland,gerbils,mink,mussel,rat,fox,polar bear,moose,cows,sheep,horses,,,,,,,,,,,,,,,
12567,2,dog,cat,mouse,mink,otter,bear,beaver,camel,elephant,tiger,coyote,wolf,polar bear,whale,fox,groundhog,raccoon,skunk,squirrel,chipmunk,kangaroo,hyena,sheep,rat,,,,,,,,,,,,,,,,
12568,2,leopards,dogs,cats,parakeets,panthers,hippopotamus,elephant,baboon,panda,polar bears,penguins,gorillas,rabbits,squirrels,cockatoo,crows,robins,flamingoes,whales,dolphins,otters,foxes,,,,,,,,,,,,,,,,,,
12569,2,dogs,cats,mice,ferrets,mink,raccoons,wolves,foxes,deer,antelope,reindeer,elephants,giraffes,rhinoceros,porpoise,whales,dolphins,lions,tigers,zebras,koala bears,bears,grizzly bears,white bears,moose,,,,,,,,,,,,,,,
12570,2,dogs,cats,cows,bulls,giraffe,elephant,zebra,leopard,lion,monkey,donkey,horses,baboons,jaguar,gorillas,roosters,hens,chicken,ducks,goose,swans,fish,,,,,,,,,,,,,,,,,,
12571,2,cat,dog,hamster,rabbit,pig,horse,kangaroo,lions,tiger,bears,raccoons,skunks,weasels,moles,mink,otters,beaver,cheetahs,elephants,rhinoceroses,hippopotamuses,cows,donkeys,zebras,giraffes,pandas,gophers,woodchucks,voles,,,,,,,,,,,
12573,2,lions,tigers,elephants,cows,horses,sheep,goats,chickens,geese,ducks,wildebeests,emus,panda bears,bears,elk,deer,moose,snakes,rabbits,,,,,,,,,,,,,,,,,,,,,
12574,2,dog,cat,mouse,rat,bird,horse,lion,tiger,zebra,elephant,rhino,bear,skunk,raccoon,porcupine,hedgehog,hamster,muskrat,,,,,,,,,,,,,,,,,,,,,,
12575,2,horses,dogs,cats,elephants,rhinoceros,lions,tigers,pandas,gerbils,hamsters,mice,rats,donkeys,zebras,mules,,,,,,,,,,,,,,,,,,,,,,,,,
12576,2,cat,deer,rabbit,gerbil,frog,fish,camel,horse,rhinoceros,lion,cheetah,monkey,bison,buffalo,,,,,,,,,,,,,,,,,,,,,,,,,,
12577,2,aardvark,budgie,cat,dog,elephant,gorilla,rabbit,skunk,snake,mouse,cheetah,lion,tiger,bear,gorilla,ram,polar bear,kangaroo,zebra,horse,rat,,,,,,,,,,,,,,,,,,,
12578,2,bear,ape,monkey,caribou,polar bear,lemming,dog,cat,mouse,rat,gorilla,elephant,rhinoceros,hippopotamus,alligator,crocodile,cow,hen,chicken,sheep,horse,donkey,mule,,,,,,,,,,,,,,,,,
12579,2,dog,cat,elephant,giraffe,zebra,rabbit,monkey,ape,lion,tiger,baboon,,,,,,,,,,,,,,,,,,,,,,,,,,,,,
12580,2,dogs,cats,mice,elephants,giraffes,tigers,cheetahs,leopards,rhino,hippopotamus,snakes,birds,pigs,horses,cows,calves,emus,yaks,elk,caribou,deer,moose,bears,,,,,,,,,,,,,,,,,
12581,2,cats,dogs,alligators,fish,horses,cows,sheep,lions,whales,donkeys,pigs,monkeys,gorillas,,,,,,,,,,,,,,,,,,,,,,,,,,,
12582,2,dogs,cats,zebra,lions,tigers,elephants,leopards,lynx,koala bears,polar bears,brown bears,black bears,deer,moose,elk,caribou,antelope,bison,jackals,cheetahs,,,,,,,,,,,,,,,,,,,,
12583,2,dogs,cats,raccoons,skunks,bears,deer,elk,moose,caribou,cougars,coyotes,wolves,lynx,bobcats,wolverines,cows,sheep,horses,pigs,chickens,goats,,,,,,,,,,,,,,,,,,,
12586,2,,,,,,,,,,,,,,,,,,,,,,,,,,,,,,,,,,,,,,,,
12591,2,dogs,cats,deer,reindeer,Rhinoceros,monkey,ape,groundhogs,squirrel,raccoon,kangaroo,fox,leopard,lion,elephant,wallaby,beaver,pig,rat,mice,cow,,,,,,,,,,,,,,,,,,,
12592,2,dogs,cats,horses,pigs,cows,lions,tigers,panthers,cheetahs,elephants,camels,rhinoceroses,hippos,monkeys,gorillas,birds,snakes,chipmunks,mice,rats,alligators,whales,sharks,,,,,,,,,,,,,,,,,
12594,2,dog,cat,cow,pig,chicken,hippo,elephant,tiger,lion,giraffe,camel,sheep,,,,,,,,,,,,,,,,,,,,,,,,,,,,
12597,2,panda,horse,dog,cat,reindeer,elephant,tiger,lion,mouse,rat,donkey,pony,crocodile,alligator,,,,,,,,,,,,,,,,,,,,,,,,,,
12602,2,cats,dogs,giraffes,rhinoceros,elephant,lion,tigers,gazelles,hamsters,mouse,bear,wolf,deer,chipmunk,raccoon,squirrel,zebra,horse,donkey,,,,,,,,,,,,,,,,,,,,,
12615,2,mouse,cat,dog,kangaroo,zebra,elephant,lion,tiger,hippopotamus,rhinoceros,cougar,panther,jaguar,bunny,fish,gerbil,hamster,bears,deer,,,,,,,,,,,,,,,,,,,,,
12621,2,horse,cow,cat,dog,donkey,rat,mouse,guinea pig,hamster,rabbit,zebra,rhinoceros,elephant,hippopotamus,lion,tiger,leopard,cheetah,panther,sheep,goat,llama,alpaca,,,,,,,,,,,,,,,,,
12622,2,dogs,cats,rabbits,mice,bear,moose,elk,deer,raccoon,squirrels,rats,goats,sheep,horses,cows,,,,,,,,,,,,,,,,,,,,,,,,,
12624,2,armadillo,cat,baboon,monkey,chinchilla,fox,wolf,coyote,sheep,mountain goat,ram,horses,mustangs,cows,holsteins,water buffalo,tigers,lions,bears,camels,elephants,rabbits,weasels,minks,,,,,,,,,,,,,,,,
12628,2,horse,sheep,lamb,cow,dog,cat,owl,raccoon,squirrel,chipmunk,lion,tiger,elephant,llama,camel,rhinoceros,hippopotamus,gazelle,fish,alligator,crocodile,insects,bird,peacock,sparrow,robin,beetle,bee,,,,,,,,,,,,
12727,2,antelope,anteater,deer,spiders,snakes,birds,bats,rats,elephant,dog,turtle,snails,fish,salmon,tuna,cow,horse,sheet,lion,tiger,monkey,zebra,camles,pigs,donkey,kangaroo,wallaby.,,,,,,,,,,,,,
12728,2,cow,bear,fox,pig,horse,donkey,pony,tiger,lion,seal,zebra,rhino,dog,cat,bird,fish,kangaroo,panther,whale,shark,salmon,boar,gorilla,monkey,Illma,alpaca,elephant,,,,,,,,,,,,,
12729,2,dog,cat,reptile,snake,raccoon,squirrel,bird,crow,owl,eagle,goose,duck,lion,tiger,ocelot,cougar,panther,leopard,elephant,zebra,giraffe,rhino,fish,tuna,salmon,,,,,,,,,,,,,,,
9377,2,lion,gorilla,cat,dog,mouse,rat,cow,horse,sheep,lamb,goat,birds,canary,eagle,hippopotamus,termite,,,,,,,,,,,,,,,,,,,,,,,,
12749,2,sharks,manta ray,turtle,crocodile,alligator,elephant,rhinoceros,hippo,mouse,cat,dog,lion,tiger,llama,camel,dromedary (2 hump),panda,grizzly bear,polar bear,Kodiak bear,panther,puma,leopard,cheetah,tiger,sloth,monkey,gorilla,ape,orangutan,bonobo,humans,,,,,,,,
12752,2,horse,cow,pig,dog,sheep,goat,antelope,elephant,camel,giraffe,rhinosoraus,polar bear,bear,grizzly bear,rabbits,donkeys,mules,jackasses,rabbits,coyoteâ€™s,foxes,skunks,,,,,,,,,,,,,,,,,,
12756,2,dog,cat,zebra,lion,tiger,rhinocerous,hippopotamus,giraffe,mouse,rat,hamster,elephant,pig,horse,cow,donkey,mule,sheep,llama,snake,warthog,duck,whale,,,,,,,,,,,,,,,,,
12758,2,dog,cat,horse,sheep,pig,monkey,tiger,lion,giraffe,fox,coyote,wolf,mink,monkey,mouse,,,,,,,,,,,,,,,,,,,,,,,,,
12759,2,Horses,cows,donkeys,goats,sheep,pigs,dogs,cats,mice,camels,hippopotamus,rhinoceros,tigers,lions,giraffes,polar bears,groundhogs,birds,,,,,,,,,,,,,,,,,,,,,,
12770,2,lion,zebra,hippopotamus,dog,cat,mouse,elephant,tiger,gerbils,rabbits,monkeys,donkeys,horses,cow,pig,sheep,goat,bear,caribou,elk,deer,panda,kangaroo,wallaby,,,,,,,,,,,,,,,,
12771,2,beaver,deer,moose,fox,wolf,bison,skunk,raccoon,dog,cat,cow,goat,sheep,pig,chicken,horse,panther,tiger,giraffe,rhinoceros,gazelle,camel,,,,,,,,,,,,,,,,,,
12774,2,Cows,horse,pig,chicken,sheep,rodent,rats,mice,cats,dogs,zebras,lions,tigers,cheetahs,panthers,hippopotamus,elephants,kangaroos,donkeys,hamster,mink,snake,fish,whales,dolphins,,,,,,,,,,,,,,,
12777,2,dogs,cats,birds,fish,whales,tortoises,elephants,tigers,lions,zebras,giraffes,deer,bear,beaver,swans,penguins,,,,,,,,,,,,,,,,,,,,,,,,
12780,2,cats,dogs,giraffe,elephant,lion,cheetah,tuna,horses,cows,pigs,llamas,squirrels,raccoons,hedgehog,mink,rats,,,,,,,,,,,,,,,,,,,,,,,,
,,,,,,,,,,,,,,,,,,,,,,,,,,,,,,,,,,,,,,,,,
1329,3,"Zebra,","horse,","goat,","cat,","dog,","hippopotamus,","crocodile,","giraffe,","tiger,","lion,","pig,","lamb,","wolf,","bear,","zebra,","cow,","horse,",llama,,,,,,,,,,,,,,,,,,,,,,
1331,3,"Ants,","gorilla,","bears,","chipmunks,","squirrels,","rabbits,","horses,","bears,",robin,,,,,,,,,,,,,,,,,,,,,,,,,,,,,,,
1341,3,"Horse,","cow,","cat,","dog,","hippo,","camel,","rhinoceros,",lion,,,,,,,,,,,,,,,,,,,,,,,,,,,,,,,,
1388,3,Cats,and,"dogs,","deer,","lions,","tigers,","buffalos,","horses,","donkeys,","cows,","sheep,","deer,","moose,","foxes,",wolves.,,,,,,,,,,,,,,,,,,,,,,,,,
1389,3,"Lions,","tigers,","apes,","cheetah,","fish,","dog,","cat,","mice,","rats,","birds,","rhinoceros,","hippopotamus,","tiger,","wolf,",fox.,lynx,cheetah,gorilla,monkey,aardvark,,,,,,,,,,,,,,,,,,,,
13102,3,"Dog,","cat,","chicken,","rhino,","lion,","tiger,","human,","modern human,","Palaeolithic human,","snail,","crocodile,","worms,","seal,","fish,","cod,","pickerel,",herring,,,,,,,,,,,,,,,,,,,,,,,
13108,3,Cow,horse,pig,cat,dog,leopard,lion,tiger,elephant,hippo,rhino,cat,bear,polar bear,giraffe,lion,tiger,giraffe,elephant,hippo,cat,dog,mouse,rat,lizard,pig,horse,cow,sheep dog,,,,,,,,,,,
13157,3,"Cat,","dog,","lion,","tiger,","leopard,","elephant,","rhinoceros,","fox,","wolf,","lemur,","beaver,","muskrat,","elephant,","llama,","dromedary,","bird,","eagle,","starling,","oriole,","goose,","chicken,",turkey,,,,,,,,,,,,,,,,,,
13167,3,"Fish,","dolphin,","shark,","whale,","jackal,","lion,","dog,","cat,","jaguar,","leopard,","loon,","swan,","chicken,","horse,","pig,","cow,","cheetah,","elephant,","giraffe,","snake,","tarantula,","snake,","lizard,","alligator,",crocodile,,,,,,,,,,,,,,,
13179,3,Dogs,cats,pigs,horses,donkeys,burrows,mice,skunks,giraffe,toad,whales,polar bears,black bears,fishes,pigs,horses,,,,,,,,,,,,,,,,,,,,,,,,
13215,3,"Dog,","Cat,","Mouse,","Alligator,","Fish,","Bear,","Chicken,","Turkey,","Horse,","Cow,","Lamb,","Pig,","Kitten,","Cat,",Puppy,,,,,,,,,,,,,,,,,,,,,,,,,
13220,3,"Rhinoceros,","Dolphin,","Penguin,","Bear,","Fox,","Squirrel,","Oxen,","Chicken,","Eagle,","Dog,","Cat,","Lynx,","Otter,","Antelope,","Giraffe,","Elephant,","Lion,","Tiger,","Snake,","Mosquito,","Cat,",Cougar,,,,,,,,,,,,,,,,,,
13230,3,dog,cat,horse,calf,crocodile,kangaroo,,,,,,,,,,,,,,,,,,,,,,,,,,,,,,,,,,
13234,3,elephant,dog,fox,antelope,cougar,lion,horse,hyena,giraffe,zebra,alligator,crocodile,horse,dog,cat,,,,,,,,,,,,,,,,,,,,,,,,,
13236,3,rhinoceros,tigers,lions,ostrich,birds,elephant,kangaroo,leopards,zebras,cows,dogs,cats,pigs,,,,,,,,,,,,,,,,,,,,,,,,,,,
13274,3,Cow,calf,hen,rooster,pig,sheep,tiger,hippo,horse,squirrel,dog,cat,mice,bird,canary,cardinal,,,,,,,,,,,,,,,,,,,,,,,,
13273,3,"Camel,","dog,","cat,","pony,","chicken,","pig,","giraffe,",lion,,,,,,,,,,,,,,,,,,,,,,,,,,,,,,,,
13282,3,"Cat,","dog,","bear,","raccoon,","lion,","tiger,","panther,","elephant,","camel,","horse,","pony,","kitten,","puma,","wolverine,","fox,","rabbit,","squirrel,",chipmunk,,,,,,,,,,,,,,,,,,,,,,
BJ,,,,,,,,,,,,,,,,,,,,,,,,,,,,,,,,,,,,,,,,,
13428,3,lion,elephant,aardvark,alligator,horse,cow,sheep,dog,tiger,puma,,,,,,,,,,,,,,,,,,,,,,,,,,,,,,
13441,3,cat,dog,lizard,leopard,zebra,giraffe,goat,sheep,cow,horse,,,,,,,,,,,,,,,,,,,,,,,,,,,,,,
13442,3,alligator,lion,tiger,camel,horse,cow,buffalo,mule,elephant,rhinoceros,hippo,crocodile,Billy goat,mountain lion,,,,,,,,,,,,,,,,,,,,,,,,,,
13447,3,cat,dog,cow,lamb,sheep,goat,bear,fox,raccoon,rodent,deer,ox,fish,turtle,,,,,,,,,,,,,,,,,,,,,,,,,,
13452,3,ant,cats,dogs,horses,sheep,zebras,tigers,lions,ducks,turkey,chickens,pigs,rats,mice,snakes,elephants,wolves,,,,,,,,,,,,,,,,,,,,,,,
13455,3,alligator,antelope,bear,bison,cat,chihuahua,dog,elephant,fish,giraffe,tiger,panther,rhinoceros,monkey,ape,bronco,,,,,,,,,,,,,,,,,,,,,,,,
13457,3,dog,cat,squirrel,chipmunk,mouse,zebra,elephant,lion,tiger,camel,alligator,rhinoceros,,,,,,,,,,,,,,,,,,,,,,,,,,,,
13460,3,dog,cat,deer,moose,skunk,squirrel,bird,robin,chickadee,sparrow,,,,,,,,,,,,,,,,,,,,,,,,,,,,,,
13477,3,monkeys,apes,lions,tigers,elephants,donkeys,horses,cows,panda bears,kangaroos,koala bears,cougars,bears,deer,antelope,people,,,,,,,,,,,,,,,,,,,,,,,,
13479,3,dogs,cats,bears,tigers,giraffes,hippopotamus,wolves,cows,deer,oxen,moose,,,,,,,,,,,,,,,,,,,,,,,,,,,,,
13480,3,cow,horse,dog,cat,groundhog,skunk,octopus,opossum,deer,moose,snake,insect,fly,,,,,,,,,,,,,,,,,,,,,,,,,,,
13481,3,dogs,cats,horses,pigs,skunks,rats,pony,sheep,lambs,cows,snakes,,,,,,,,,,,,,,,,,,,,,,,,,,,,,
13482,3,lion,tiger,antelope,dog,cat,elephant,rhinoceros,porcupine,mouse,rabbit,groundhog,beaver,dinosaur,tyrannosaurus rex,dolphin,whale,lobster,,,,,,,,,,,,,,,,,,,,,,,
13483,3,cat,dog,lion,tiger,hippopotamus,gorilla,monkey,sheep,elephant,kangaroo,koala,,,,,,,,,,,,,,,,,,,,,,,,,,,,,
13484,3,,,,,,,,,,,,,,,,,,,,,,,,,,,,,,,,,,,,,,,,
13486,3,Ape,dog,cat,canary,kangaroo,lion,tiger,coyote,groundhog,,,,,,,,,,,,,,,,,,,,,,,,,,,,,,,
13487,3,aardvark,dog,cat,horse,donkey,snake,cat,monkey,elephant,rhinoceros,giraffe,lion,tiger,mouse,rat,butterfly,rabbit,,,,,,,,,,,,,,,,,,,,,,,
13507,3,dog,cat,moose,deer,bear,cow,horse,pig,sheep,chicken,turkey,partridge,elephant,lion,leopard,giraffe,camel,zebra,polar bear,,,,,,,,,,,,,,,,,,,,,
13508,3,cat,dog,chicken,snake,bug,beetle,grasshopper,caterpillar,giraffe,elephant,tiger,parrot,lion,,,,,,,,,,,,,,,,,,,,,,,,,,,
13558,3,,,,,,,,,,,,,,,,,,,,,,,,,,,,,,,,,,,,,,,,
13584,3,cats,dogs,mice,rabbits,cows,donkeys,sheep,raccoons,rats,skunks,,,,,,,,,,,,,,,,,,,,,,,,,,,,,,
13605,3,dogs,cats,sheep,horses,pigs,elephants,tigers,moose,deer,bear,donkeys,giraffe,,,,,,,,,,,,,,,,,,,,,,,,,,,,
13609,3,dog,cat,pig,fox,bull,bird,leopard,goat,,,,,,,,,,,,,,,,,,,,,,,,,,,,,,,,
13618,3,dog,cat,chicken,fox,rabbit,squirrel,horse,cow,pig,sheep,goat,,,,,,,,,,,,,,,,,,,,,,,,,,,,,
13619,3,lion,tiger,cat,horses,dogs,zebra,donkey,mice,rat,alligators,cow,crocodile,monkey,ape,gorilla,hippopotamus,rhinoceros,,,,,,,,,,,,,,,,,,,,,,,
13623,3,dogs,cats,lions,tigers,hippopotamuses,monkeys,sheep,owls,hens,rabbits,mice,rats,,,,,,,,,,,,,,,,,,,,,,,,,,,,
13632,3,rats,mice,rodents,dogs,cats,cows,pigs,chickens,people,lynx,cougar,manx,owls,fox,,,,,,,,,,,,,,,,,,,,,,,,,,
13633,3,cat,dog,chicken,fox,rabbit,squirrel,horse,cow,pig,sheep,goat,,,,,,,,,,,,,,,,,,,,,,,,,,,,,
13641,3,bears,cheetahs,lions,zebras,dogs,cats,whales,tarantulas,sheep,donkeys,horses,,,,,,,,,,,,,,,,,,,,,,,,,,,,,
13642,3,dogs,cats,lions,tigers,horses,cows,pigs,squirrels,giraffes,,,,,,,,,,,,,,,,,,,,,,,,,,,,,,,
13647,3,cats,dogs,deer,elephant,antelope,mice,chickens,lions,tigers,horses,pigs,cows,bulls,bullocks,,,,,,,,,,,,,,,,,,,,,,,,,,
13649,3,dogs,cats,horses,donkeys,ferrets,mice,camels,lions,tigers,,,,,,,,,,,,,,,,,,,,,,,,,,,,,,,
13657,3,lions,leopard,tiger,elephant,rhino,ostrich,giraffe,monkey,alligator,crocodile,zebra,sheep,cattle,llamas,pigs,cows,donkey,horse,mule,beaver,raccoon,,,,,,,,,,,,,,,,,,,
13659,3,dogs,cats,mouse,zebras,lions,cattle,puppies,dogs,leopards,fish,guppies,minnows,tigers,cheetahs,monkeys,apes,rattlesnake,frogs,lizards,scallops,hens,turkeys,geese,ducks,pheasant,cardinals,robins,,,,,,,,,,,,,
13681,3,cat,dog,mouse,horse,dolphin,dromedary,cow,birds,seagull,antelopes,horses,pigs,chickens,,,,,,,,,,,,,,,,,,,,,,,,,,,
13683,3,moose,tiger,turkey,mare,sheep,lamb,donkey,,,,,,,,,,,,,,,,,,,,,,,,,,,,,,,,,
13684,3,dogs,horses,cats,cows,bulls,lions,leopards,coyotes,wolves,reindeer,deer,moose,,,,,,,,,,,,,,,,,,,,,,,,,,,,
13696,3,dogs,cats,gerbils,mice,horses,chimpanzees,zebras,lions,tigers,elephants,rhinoceros,gorillas,,,,,,,,,,,,,,,,,,,,,,,,,,,,
13697,3,horse,dog,cat,mouse,chipmunk,squirrel,cow,donkey,lion,tiger,raccoon,dolphin,whale,,,,,,,,,,,,,,,,,,,,,,,,,,,
13704,3,dogs,cats,lions,horses,sheep,cows,bulls,rhinoceros,goats,geese,,,,,,,,,,,,,,,,,,,,,,,,,,,,,,
13711,3,,,,,,,,,,,,,,,,,,,,,,,,,,,,,,,,,,,,,,,,
13740,3,Tiger,Rhinocerus,cow,horse,zebra,chicken,dog,cat,giraffe,gazelle,elephant,alligator,crocodile,hippopotamus,mouse,chipmunk,squirrel,,,,,,,,,,,,,,,,,,,,,,,
13742,3,dogs,cats,mice,elephants,giraffes,rhinoceros,cheetah,monkey,chimpanzees,horses,birds,parakeets,owls,hawks,crows,,,,,,,,,,,,,,,,,,,,,,,,,
13745,3,dog,cat,rabbit,raccoon,zebra,elephant,snake,squirrel,chipmunks,rhinoceros,,,,,,,,,,,,,,,,,,,,,,,,,,,,,,
13747,3,dog,cat,mouse,sheep,cow,horse,pig,lion,tiger,elephant,rhinoceros,kangaroo,monkey,chimp,lamb,sheep,raccoon,,,,,,,,,,,,,,,,,,,,,,,
13786,3,dogs,cats,spiders,lobsters,sharks,octopus,kittens,puppies,birds,horses,cows,sheep,lambs,colts,calves,ponies,deer,moose,pheasant,crows,robins,swallow,canaries,budgie,,,,,,,,,,,,,,,,
13807,3,horse,cow,duck,bird,caterpillars,monkeys,gorillas,fish,sharks,whales,humans,mice,moles,,,,,,,,,,,,,,,,,,,,,,,,,,,