Participant,Group,,,,,,,,,,,,,,,,,,,,,,,,,,,
8,1,Fridge,frig,fun,Frisbee,football,foot,funny,filibuster,frequent,finally,finish,,,,,,,,,,,,,,,,
9,1,Frog ,fright ,farm ,fair ,far ,freak ,frame ,flame ,flat ,flit ,fret ,fee ,fare,fist ,flick ,fire ,fest ,festival,from,,,,,,,,
10,1,Fail ,fun ,frolic ,fundamental ,funnel ,funny ,freeze ,frigid ,fright ,frozen ,frown ,frizzy ,finger ,fling ,,,,,,,,,,,,,
1101,1,flamingo ,fun ,family ,forest ,face ,foot ,fish ,funnel,,,,,,,,,,,,,,,,,,,
1102,1,Friend ,fowl ,folly ,foal ,fund ,fair ,fantastic ,frame ,festival ,frolic ,fun ,friend ,foe ,fling ,fly ,flare,,,,,,,,,,,
1103,1,Fribulous ,fart ,fang ,flirt ,felt ,flipper ,Fuck ,frantic ,friend ,from ,familiar ,fantasia ,frisky ,fan ,fantastic ,fill,flounder ,fish ,,,,,,,,,
1104,1,Fill ,foal ,feminine ,fertile ,febrile ,fur ,fib ,finger ,foot ,femur ,fart ,famous ,fame ,flight ,flood ,flounder ,flower ,flare ,frig ,frame ,frapuccino ,float,,,,,
1105,1,fang ,fart ,father ,fool ,football ,fan ,family ,font ,fright ,fry ,finish ,form ,fail ,fat ,fast ,finish ,fight ,fill ,faint ,fantastic,,,,,,,
1106,1,Figured ,friend ,francophone ,French ,find ,fine ,frown ,found ,frank ,,,,,,,,,,,,,,,,,,
1107,1,Fresh ,Frost ,frolic ,fool ,friend ,foe ,fight ,forget ,foil ,foliage ,flora ,fona ,frosh ,finger ,frosting ,frozen,,,,,,,,,,,
1108,1,Fuck ,fat ,fan ,fall ,follow ,felt ,frown ,Friday ,foal ,fake ,,,,,,,,,,,,,,,,,
1109,1,frivolous ,fantastic ,fabulous ,frumpy ,fly ,frog ,fry ,fold ,fib ,,,,,,,,,,,,,,,,,,
1110,1,Fish ,find ,file ,fast ,Philippino ,fissure ,,,,,,,,,,,,,,,,,,,,,
1111,1,Fox,feather,fire,flipper,frittata,Fahrenheit,Frank,finger,fist,fix,flip,fairy,France,French,,,,,,,,,,,,,
1112,1,Fun ,fall ,freedom ,fight ,fruit ,fat ,foreshadow ,,,,,,,,,,,,,,,,,,,,
1113,1,Fold,finger,fork,frown,flat,furrow,fiber,focus,fondle,fart,frat,Friday,frigid,feline,,,,,,,,,,,,,
1114,1,Farmhouse,farm,Ferris wheel,forest,Fanshaw College,forgotten,fail,failing,fell,fall,fixture,,,,,,,,,,,,,,,,
1123,1,Fuck ,ferry ,free ,farm ,ferret ,foible ,fair ,far,,,,,,,,,,,,,,,,,,,
1126,1,Fire ,free ,favourite ,frightening ,feel ,forever ,fight ,forgive ,fragrance ,flower,,,,,,,,,,,,,,,,,
1135,1,Fantastic ,fruit ,funny ,Farrell ,fire ,fur ,fur-tree ,fine ,fin,faint ,fain ,frugal ,fit ,fitness ,fun ,face ,few ,far ,fast ,fasting ,fabulous ,Fuse ,,,,,
1161,1,Face,faucet,food,fangs,felt,finger,fight,fist,flower,family,far,fake,fan,fantastic,fruit,free,fries,flavour,front,fan,,,,,,,
1162,1,Fox ,foundry ,find ,feeling ,flexible ,fidget ,film ,free ,fix ,find ,foal ,flower ,fly ,flute ,fond ,fill ,file ,,,,,,,,,,
1184,1,Fact,fake,feeling,football,foot,fridge,friend,fecal,finding,feed,fend,find,fond,fondu,fun,finger,finish,finale,,,,,,,,,
1185,1,Face,farmer,fart,flick,flip,fan,focus,fantastic,flaccid,flipper,flank,fawn,flap,flat,feet,finger,foetus,femur,femoral,flap,farm,fence,front,franc,finish,fist,fit
1195,1,"Fun,","famous,","fantastic,","favourite,","funny,","family,","father,","fast,","future,","food,","fast-food,","full,",,,,,,,,,,,,,,,
1199,1,"Fun,","fight,","fright,","flight,","frame,","floor,","face,","fry,","fling,","fancy,","fortitude,","fantastic,","from,",flow,,,,,,,,,,,,,
11116,1,"Fear,","friend,","for,","forty,","far,","find,","found,","fruit,","fabulous,","fan,",,,,,,,,,,,,,,,,,
11117,1,"Friends,","food,","fudge,","ferret,","frankly,","foe,","fowl,","fuel,","fan,","favourite,",fanny,"pack,","foot,","footwear,","feet,","furniture,",,,,,,,,,,,
11118,1,"Finger,","flower,","follower,","fire,","friend,","face,","family,","frog,","fight,","force,","felt,","flow,","flame,","forget,","fuck,","fart,","fake,",,,,,,,,,,
11119,1,"Finger,","fruit,","follow,","fall,","freak,","flirt,","fever,","famous,","fax,","frown,","flag,","fever,","fancy,","Friday,","fence,","frog,","French,","fries,","flu,","flies,","freckle,","fog,",,,,,
11120,1,"Fish,","frog,","farm,","furniture,","forget,","future,","fail,",,,,,,,,,,,,,,,,,,,,
11121,1,"Frog,","flip,","face,","front,","fraction,","fiction,","forward,","fly,","flip,","flop,","freckle,","frontier,","factory,","fix,",,,,,,,,,,,,,
11122,1,"Flag,","fox,","fridge,","faith,","forget,","French,",fake,,,,,,,,,,,,,,,,,,,,
11143,1,Fish,fridge,Friday,friend,fight,frost,freeze,fake,finish,festive,fish,five,fat,fog,face,fate,,,,,,,,,,,
11145,1,Frog,French,fat,fly,fruit,finger,forge,fuck,fabulous,fad,flame,fart,flick,funk,flip,fish,fill,,,,,,,,,,
11147,1,Fish,foot,finger,fat,fantasy,friend,fundraiser,fact,femur,funny,fantastic,fish,ferret,funky,fan,fossil,fun,fungus,,,,,,,,,
11151,1,Fruit,fast,frugal,flower,friend,foe,follow,folly,French,fair,fame,famous,furrow,frown,faint,fear,fence,file,,,,,,,,,
11175,1,Fish,fun,fan,fiction,fog,frog,flamingo,fright,fin,fly,fry,,,,,,,,,,,,,,,,
11176,1,Frog,Frankfort,forget,falling,forget-me-not,flower,floor,finger,fingernail,frown,funny,,,,,,,,,,,,,,,,
11183,1,Food,French,friends,feelings,football,freedom,fence,finger,fox,ferret,force,,,,,,,,,,,,,,,,
11189,1,Fox,flower,fig,fire,figure,flyer,finger,follicle,,,,,,,,,,,,,,,,,,,
11211,1,frock,flip,fool,FALSE,femur,fake,flap,fly,frozen,fold,fear,fumble,frost,fiscal,force,frat,from,follow,flippant,foster,freedom,freezing,fumble,force,foreign,,
11214,1,,,,,,,,,,,,,,,,,,,,,,,,,,,
11216,1,firm,funny,fig,finally,forensic,fins,find,full,fall,,,,,,,,,,,,,,,,,,
11217,1,fragile,freak,faggot,fuck,forgotten,fragrance,futile,fugitive,functional,funk,,,,,,,,,,,,,,,,,
11221,1,"Fly,","fright,","freedom,","forward,","flip,","fail,","flick,","flume,","frog,","fence,","from,","flute,","Fahrenheit,","forgo,","fan,","family,","friends,","forgiver,","faint,",full,,,,,,,
11226,1,fool,face,fake,fate,frown,fray,foal,freak,fret,feet,,,,,,,,,,,,,,,,,
11249,1,fairy,fickle,friend,family,faint,felony,fame,fortune,filth,fish,flu,farm,,,,,,,,,,,,,,,
11259,1,"Fly,","finger,","from,","fog,","fight,","fuzzy,","forlorn,","frog,","fox,","file,","float,","forget,",fornicate,,,,,,,,,,,,,,
11278,1,"Friend,","foe,","fair,","festival,","farm,","forget,","fatch,","fat,","follow,",fair,"amount,","facilitate,","forego,","fabulous,","fantastic,","fantasy,","fanatic,","fellow,","frantic,",female,,,,,,,
BJ,,,,,,,,,,,,,,,,,,,,,,,,,,,,
11302,1,Funny,feet,forest,fudge,fast,furry,fury,fail,fox,found,follow,feed,,,,,,,,,,,,,,,
11304,1,fire,free,fort,fork,feather,forecast,flow,flower,flank,fuzzy,frost,frozen,fill,flip,failing,fang,fan,,,,,,,,,,
11306,1,fire,frog,finger,foot,free,file,fling,flower,fuck,fail,,,,,,,,,,,,,,,,,
11309,1,food,flower,fun,fairy,farm,foot,face,from,fang,faint,fig,floor,fair,frame,,,,,,,,,,,,,
11313,1,,,,,,,,,,,,,,,,,,,,,,,,,,,
11361,1,,,,,,,,,,,,,,,,,,,,,,,,,,,
11365,1,friendly,fruit,fake,fanatic,find,fickle,freckle,fantasy,fire-truck,fail,fang,follow,fend,forge,felt,flack,found,,,,,,,,,,
11390,1,face,furniture,floor,fixture,flower,freak,frame,fuck,flex,force,from,for,forecast,foreman,,,,,,,,,,,,,
11400,1,fun,fridge,finite,finish,flame,fuck,flavor,flip,,,,,,,,,,,,,,,,,,,
11404,1,family,friend,fashion,forget,fair,FALSE,frustrated,force,fling,fight,finger,fun,future,feature,fuck,firetruck,fear,for,,,,,,,,,
11411,1,freezer,frigid,fluid,fuck,freeway,fire,festive,feast,fibrosis,fruit,,,,,,,,,,,,,,,,,
11414,1,fried,fillet,fly,flyer,frequency,foe,,,,,,,,,,,,,,,,,,,,,
11417,1,friends,family,focus,feline,fast,furious,flight,fight,fiction,fraction,floor,fever,favour,faction,flask,fat,,,,,,,,,,,
11423,1,friends,fun,flight,fracking,function,fail,final,fin,flash,fire,fox,,,,,,,,,,,,,,,,
11424,1,friendship,fireplace,fire,fold,fruit,fun,front,form,fish,free,face,furniture,furnace,fumes,freelance,,,,,,,,,,,,
11427,1,,,,,,,,,,,,,,,,,,,,,,,,,,,
11430,1,,,,,,,,,,,,,,,,,,,,,,,,,,,
11431,1,,,,,,,,,,,,,,,,,,,,,,,,,,,
11432,1,,,,,,,,,,,,,,,,,,,,,,,,,,,
11434,1,,,,,,,,,,,,,,,,,,,,,,,,,,,
11435,1,,,,,,,,,,,,,,,,,,,,,,,,,,,
11436,1,,,,,,,,,,,,,,,,,,,,,,,,,,,
11437,1,,,,,,,,,,,,,,,,,,,,,,,,,,,
11438,1,,,,,,,,,,,,,,,,,,,,,,,,,,,
11439,1,,,,,,,,,,,,,,,,,,,,,,,,,,,
11440,1,,,,,,,,,,,,,,,,,,,,,,,,,,,
11490,1,Face,focus,force,free,fortitude,frozen,fast,friend,frenzy,,,,,,,,,,,,,,,,,,
11491,1,fuck,fire truck,flames,forward,front,finger,fist,fierce,,,,,,,,,,,,,,,,,,,
11493,1,fridge,freezer,flower,favorite,fall,female,fern,family,facts,fiction,floss,face,film,,,,,,,,,,,,,,
11497,1,face,friendly,fruit,feline,flamingo,fox,finish,fragrant,fish,find,frog,flower,forest,fantasy,fairy tale,,,,,,,,,,,,
11498,1,friends,family,food,fun,flowers,funeral,flood,female,fungus,fruit,foes,flying,force,feeling,fight,floors,,,,,,,,,,,
11500,1,fun,far,friends,feeling,fellow,face,facts,fair,fit,fat,focus,frequent,flight,figure,force,favourite,fidget,fix,fabulous,foot,,,,,,,
11504,1,fox,fish,fit,fowl,fly,form,fence,feel,foot,full,fun,,,,,,,,,,,,,,,,
11510,1,friend,foe,fool,fun,fix,fawn,fake,formaldehyde,fortress,fact,fraction,fountain,fork,forklift,flake,frown,familiar,flour,flower,,,,,,,,
11515,1,face,figure,fountain,fish,fry,foot,flower,fly,fairy,fiction,fun,,,,,,,,,,,,,,,,
11517,1,fortune,fall,face,fingers,friction,fan,fat,flock,funds,favourite,falcon,foot,funnel,,,,,,,,,,,,,,
11525,1,free,for,friend,from,fancy,fantastic,freak,fanny,,,,,,,,,,,,,,,,,,,
11530,1,face,flower,fountain,fox,freak,follow,foot,fingers,father,fax,fisher,flow,fellow,friendly,fort,fly,find,,,,,,,,,,
11532,1,fire,fat,fallopian,furnish,fix,favorite,flop,foot,fear,flat,fornicate,fabulous,furniture,fond,follow,fame,fall,,,,,,,,,,
11533,1,friend,fire,flake,fun,fair,fare,flower,fruit,fried,freak,food,fight,fine,fluke,fan,,,,,,,,,,,,
11537,1,flower,fruit,friend,forever,fake,fun,folder,finish,fish,,,,,,,,,,,,,,,,,,
11538,1,fiddle,frankly,fried,fly,friendly,,,,,,,,,,,,,,,,,,,,,,
11541,1,face,fish,far,foreshadow,flavor,flight,fire,figure,fight,folly,flack,flab,flail,fail,feel,fool,folding,full,,,,,,,,,
11542,1,forest,food,funky,fresh,fernery,frozen,fell,fall,front,fat,fan,flip,from,family,friends,faith,fought,face,feet,,,,,,,,
11543,1,fun,fantastic,family,furious,fabulous,fidget,finger,father,face,fan,,,,,,,,,,,,,,,,,
11544,1,fine,fickle,fortuitous,find,follow,fail,fuck,fallacious,forbidding,,,,,,,,,,,,,,,,,,
11549,1,fiction,fraction,fish,foolish,fun,follow,family,for,,,,,,,,,,,,,,,,,,,
11552,1,face,faucet,feet,flowers,folder,fiddle,flying,falling,fruit,fish,flow,frolic,fresh,,,,,,,,,,,,,,
11553,1,frog,face,fill,faucet,family,familiar,follow,fiddle,fall,flint,flow,,,,,,,,,,,,,,,,
11598,1,,,,,,,,,,,,,,,,,,,,,,,,,,,
11599,1,face,fox,find,for,filling,far,flick,fart,fix,flirt,facts,fax,fetch,fling,,,,,,,,,,,,,
11600,1,fun,flower,forest,fight,forge,flood,food,fries,forever,fog,ferry,fairy,,,,,,,,,,,,,,,
11635,1,frog,forest,for,fire,face,forage,fart,fallacy,far,fruit,frat,farm,fall,fist,,,,,,,,,,,,,
11636,1,,,,,,,,,,,,,,,,,,,,,,,,,,,
11640,1,fair,fun,food,fascinating,fence,fruit,fine,fix,felt,for,fake,forest,free,fast,,,,,,,,,,,,,
11692,1,farm,factor,face,frog,fidget,furnace,figs,flamingo,flying,fart,fist,flag,fries,,,,,,,,,,,,,,
11796,1,fun,family,friends,flower,forest,flute,figures,foliage,fish,flying,fat,folder,fountain,,,,,,,,,,,,,,
11818,1,frog,flamingo,flame,fought,fan,free,fire,fun,fantastic,for,from,,,,,,,,,,,,,,,,
11819,1,firetruck,flower,face,fraction,figure,finger,flourish,finesse,feline,far,fake,,,,,,,,,,,,,,,,
11822,1,frog,fiddle,french fries,feet,frown,finger,futon,fly,forget,full,favourite,,,,,,,,,,,,,,,,
11824,1,fun,fudge,face,fly,for,fog,from,fought,frog,feather,figure,fast,feast,fame,flame,fire,,,,,,,,,,,
11825,1,free,fish,fruit,freeway,fire,fox,,,,,,,,,,,,,,,,,,,,,
11826,1,Face,Friend,Forever,Function,Future,Futile,Far,fake,fun,fortunate,facts,family,Forget,,,,,,,,,,,,,,
11827,1,fruit,family,fun,face,floor,front,fair,flame,fire,frozen,frost,fall,,,,,,,,,,,,,,,
11830,1,for,fundamentally,forcibly,forget,facetious,final,fear,function,fierce,,,,,,,,,,,,,,,,,,
11831,1,fleece,flower,floor,fluctuate,flow,fear,follow,fly,film,,,,,,,,,,,,,,,,,,
11837,1,fly,fart,fat,feather,flat,fruit,fish,father,feet,face,flee,,,,,,,,,,,,,,,,
11839,1,find,fish,for,forever,fly,focus,fight,fist,furry,friend.,,,,,,,,,,,,,,,,,
11843,1,flower,flake,fetch,feel,fair,flow,friend,find,flamingo,fur,forest.,,,,,,,,,,,,,,,,
,119,,,,,,,,,,,,,,,,,,,,,,,,,,,
1201,2,Feel,face,follow,fall,fine,fortune,fantastic,finish,funny,found,,,,,,,,,,,,,,,,,
1202,2,Face ,farm ,finger ,feature ,far ,follow,friend,flag,fleck,fling,frown,fruit,frumpy,fresh,frozen,fry,flight,flower,floor,fence,fend,fungus,full,foreign,for,,
1203,2,Fruit ,farm ,flannel ,food ,fresh ,fruity ,feel ,fellow ,forgotten ,for ,fond ,fountain ,,,,,,,,,,,,,,,
1204,2,Flower,foolish,floor,furnishings,fabulous,fantastic,flourishing,fence,fork,fur,fancy,fix,fortunate,,,,,,,,,,,,,,
1205,2,Food,funny,fancy,foolish,funds,feather,feeling,flutter,fabulous,fundamental,frozen,flapper,fling,foxy,facts,future,fondly,fondue,fixture,finding,fillet,flounder,,,,,
1206,2,Flower ,frank ,frequently ,forever ,further ,far ,frequently ,fervour ,fantastic ,fatalistic ,fanfare ,fragile ,frequently ,freight ,fairy,ferry,,,,,,,,,,,
1207,2,Feeble ,fortune ,fantastic ,fall ,five ,fifty ,fantasy ,fart ,febrile ,foreplay ,frozen ,frigid ,fridge ,frost ,fantastic ,,,,,,,,,,,,
1208,2,fart ,far ,fall ,fag ,feed ,food,follow ,full ,four ,fore,,,,,,,,,,,,,,,,,
1209,2,Fridge ,family ,far ,few ,forever ,feeling ,fantastic ,freight ,fume ,farm ,firm ,fool ,format ,fridge ,,,,,,,,,,,,,
1210,2,Farmer ,fox ,facts ,far ,further ,falling ,furtive ,foreign ,fast ,fruit ,flavour ,from ,forth ,fix ,flight ,phone ,,,,,,,,,,,
1211,2,false ,fee ,from ,frankest ,fear ,fox ,far ,farthing ,free ,fly ,flagrant ,floss ,flow ,fall ,feel ,fail,feet ,famous ,famished ,from ,frame ,fret ,fool.,,,,
1264,2,Fast,flagrant,food,famine,felicitation,fond,free,funny,figure,fragrant,fantastic,ferris,frame,film,fear,frame,flame,future,,,,,,,,,
1265,2,Follow,fast,frig,free,flea,fellow,fat,fast,fate,fewer,fester,free,frozen,fair,fist,floor,feeling,feast,famine,,,,,,,,
1267,2,Fish,fiddle,fence,forest,froth,frog,fort,fuzzy,fashion,force,friendly,fog,fellow,frazzled,phone,fruit,fragile,foster,frost,,,,,,,,
1268,2,Face,flower,follow,fine,fever,favourite,flavour,fluency,florin,florentine,fickle,fill,fire,fair,fume,full,,,,,,,,,,,
1270,2,Fellow,frog,fruit,folks,frustrated,fellowship,foster,frank,,,,,,,,,,,,,,,,,,,
1272,2,Famine,finish,find,fuck,forest,furry,finagle,food,font,funnel,foot,,,,,,,,,,,,,,,,
1273,2,Fun,forget,fool,fantastic,future,folly,fan,fester,filial,fortune,fabulous,five,fill,follow,fountain,floor,,,,,,,,,,,
1278,2,Full,feeling,fantasy,filibuster,frantic,fish,fulsome,fixture,fresh,finding,,,,,,,,,,,,,,,,,
12100,2,Fire,fence,flax,figure,finance,fiddle,fix,forward,fall,fowl,fare,feline,fax,forward,feather,,,,,,,,,,,,
12104,2,"Frame,","fellow,","finger,","fast,","food,","feeling,","foreman,","future,","falling,","foreman,",fickle,,,,,,,,,,,,,,,,
12105,2,Fruit,flamingo,faraway,forest,ferret,finger,fop,frog,first,fungus,fat,famous,flap,,,,,,,,,,,,,,
12107,2,"First,","fish,","ford,","flew,","from,","fleuve,","fox,","fright,","flight,","flower,",,,,,,,,,,,,,,,,,
12133,2,"Fox,","February,","foggy,","film,","foster,","failure,","free,","foam,",flipflop,"flip,","forest,","fever,","finger,","fatality,","financial,","frequency,","forward,","forever,",,,,,,,,,
12135,2,"Friend,","fool,","foul,","fair,","feet,","find,","fluke,","forest,","fop,","fancy,","fitting,","flam,","fist,","fact,","for,","famine,","fellow,",,,,,,,,,,
12136,2,"Feeble,","froze,","free,","fine,","forest,","fickle,","fink,","fabulous,","forgive,","forget,","forever,","frozen,","fish,","flour,","flower,","forever,",,,,,,,,,,,
12159,2,"Fruit,","fast,","fancy,","familiar,","fantastic,","fashion,","feet,","face,","fingers,","fallopian,","friend,","faults,","fairway,","from,","forward,","faster,",,,,,,,,,,,
12160,2,Foreigner,frequent,futility,fun,fruit,facilitate,feasible,former,foot,,,,,,,,,,,,,,,,,,
12161,2,"Food,","feed,","fuse,","fault,","forward,","fast,","Folsom,","fat,","forward,","freeze,","foot,","flower,","ford,","forge,",ford,,,,,,,,,,,,
12164,2,"From,","fret,","free,","fault,","fellow,","fruit,","fortune,","found,","from,","freedom,","freezing,","frontier,","future,","feature,","fabulous,","fountain,","freedom,","forgot,","false,",,,,,,,,
12165,2,"Frog,","fast,","frequent,","fight,","flight,","fart,","fuck,","for,","film,","fish,","fat,","family,","fanny,","faro,","fed-up,","fed,","feed,","fright,","fight,",flat,,,,,,,
12166,2,Fox,"trot,","fend,","fast,","first,","fonder,","found,","flung,","flow,","flake,","flood,","famous,","fender,",fox,"trot,","farfel,","fear,","famous,",,,,,,,,,
12191,2,"Face,","favour,","flavour,","friend,","fiend,","file,","find,","fecal,","fund,","full,","found,",famous,,,,,,,,,,,,,,,
12252,2,"Funny,","fabulous,","friendly,","font,","fountain,","funky,","fictitious,","following,","follow,",finally,,,,,,,,,,,,,,,,,
12263,2,"French,","forward,","fair,","flourish,","face,","food,","fancy,","foot,","funny,","fixture,","figure,","felony,",foot,,,,,,,,,,,,,,
12203,2,five,fine,fellows,found,fight,for,fix,finger,founder,,,,,,,,,,,,,,,,,,
12280,2,"Feet,","feel,","fraction,","fact,","fill,","fragile,","frank,",fib,,,,,,,,,,,,,,,,,,,
12287,2,"Farm,","funny,","fern,","fox,","ferment,","foam,","frothing,","fuck,","finger,","face,",front,,,,,,,,,,,,,,,,
BJ,,,,,,,,,,,,,,,,,,,,,,,,,,,,
12288,2,Fuck,fairy,find,funny,friend,floozy,fuzzy,forest,for,fix,fellow,frenzy,flat,fit,flax,,,,,,,,,,,,
12289,2,funny,fabulous,fantastic,future,forever,flowing,forest,foolish,flowery,,,,,,,,,,,,,,,,,,
12291,2,feather,fan,fantastic,fox,fat,food,fond,fracking,far,foam,,,,,,,,,,,,,,,,,
12293,2,Family,fun,fix,fear,fizzle,few,fortunate,friend,fly,flick,food,feet,face,,,,,,,,,,,,,,
12295,2,frog,feline,from,forethought,fear,fright,fence,fog,fallopian tube,fuck,formula,forms,,,,,,,,,,,,,,,
12296,2,fridge,freedom,fun,fancy,frigate,freebee,fuzzy,fool,full,foul,falafel,finish,fable,feces,fuck,frigid,fiddle,fake,fast,fabulous,fantastic,,,,,,
12301,2,friend,foe,foreign,forever,fracture,forward,fever,far,,,,,,,,,,,,,,,,,,,
12312,2,frankfurter,fancy,fun,frolic,fume,face,forehead,frown,fowl,,,,,,,,,,,,,,,,,,
12318,2,fun,foolish,frivolous,fast,forward,finger,forearm,foot,face,,,,,,,,,,,,,,,,,,
12321,2,fax,foxtrot,facsimile,feeling,flier,fife,finish,forthwith,front,fetal,fix,fang,fine,flit,flummox,fright,freelance,fraught,fink,file,fish,fort,,,,,
12322,2,funny,fastidious,facetious,fallacy,fail,fabric,festoon,felt,festival,fermenting,fur,fuchsia,flippant,flipper,few,,,,,,,,,,,,
12323,2,furious,flower,flour,floor,felt,fall,facts,fictitious,fulsome,forever,fiddle,fulcrum,,,,,,,,,,,,,,,
12324,2,fun,frolic,fair,free,Frisbee,flight,frock,flock,feather,feature,fantastic,functional,fairy,frisky,frump,failure,,,,,,,,,,,
12326,2,front,fire,fears,font,female,fail,fast,force,finger,forest,freckle,fight,,,,,,,,,,,,,,,
12327,2,fox,fever,friendly,feet,few,forever,forgetful,finally,forest,frequency,fame,falter,fender,fuddle,foreign,fumble,flake,flounder,florid,feminine,,,,,,,
12348,2,fun,for,front,family,foursome,frontier,formula,fork,frown,fancy,flub,,,,,,,,,,,,,,,,
12350,2,frankfurter,faraway,follow,furnace,fridge,fun,funky,few,finally,fuzzy,fizzle,flower,fruit,,,,,,,,,,,,,,
12354,2,filament,figures,fester,final,filthy,fact,fancy,face,fetish,felt,fear,fast,fart,,,,,,,,,,,,,,
12356,2,face,fashion,fat,famous,factory,farmer,ffar,factoid,fusion,funny,flowers,forms,from,find,,,,,,,,,,,,,
12357,2,funny,fat,free,frisky,fairy,fowl,frantic,fortune,fabulous,fantastic,fate,free,flower,filthy,famous,frilly,fitting,fill,found,float,flip,flock,,,,,
12358,2,frank,fool,follow,foul,fowl,fortunate,fat,foil,fried,fairy,felt,forgiving,forget,,,,,,,,,,,,,,
12367,2,fate,father,fun,friend,follow,fin,fought,frankly,former,fellowship,fun,font,farther,,,,,,,,,,,,,,
12369,2,friend,favourite,fanger,foreword,foot,face,finger,floor,funnel,finial,fond,,,,,,,,,,,,,,,,
12389,2,face,feel,fine,figure,fetch,free,for,fig,freeze,fall,fillet,fruit,,,,,,,,,,,,,,,
12559,2,fuel,fun,fool,favour,flip,foot,fancy,free,fuck,flavor,,,,,,,,,,,,,,,,,
12560,2,face,fed up,fool,federation,fantastic,field,fitted,fumes,fumigates,funny,fearless,frank,frightened,,,,,,,,,,,,,,
12561,2,Fun,fancy,faith,from,for,fuzz,fish,fat,firm,fiddle,fast,fashion,fame,further,fantasize,,,,,,,,,,,,
12562,2,ferry,fast,fun,full,fart,feat,fleece,flonk,from,febreeze,freckle,finger,fly,flock,,,,,,,,,,,,,
12564,2,frank,feeling,fighting,fraught,frying pan,fiscal,financial,fishing fun,fiddling,,,,,,,,,,,,,,,,,,
12565,2,feel,fur,fit,free,force,focus,frozen,face,fierce,,,,,,,,,,,,,,,,,,
12566,2,follow,flower,frame,flow,flush,fervor,fine,fever,focus,foolish,fun,free,force,finesse,filly,folly,forward,favour,,,,,,,,,
12567,2,face,foolish,farm,fruit,figure,familiar,foot,family,future,fig,far,fence,,,,,,,,,,,,,,,
12568,2,fish,funny,friendly,face,flick,finger,finish,fight,fin,fungus,flip,foil,folly,found,freeze,,,,,,,,,,,,
12569,2,frankly,friendly,frenetic,fantastic,forward,fancy,fettered,feathered,frenzy,finish,funny,forward,font,fishing,fanning,family,,,,,,,,,,,
12570,2,frankfurter,friend,foe,feline,female,fairy,feral,fool,fire,fireman,,,,,,,,,,,,,,,,,
12571,2,face,felicity,foreign,factor,flowing,factual,flubber,flip,fancy,flower,fragrance,flamingo,failure,flounder,floppy,frequency,,,,,,,,,,,
12573,2,fox,feather,friend,foe,field,fly,from,forethought,fraction,fear,fright,fender,flip,found,fair,fire,fig,fight,,,,,,,,,
12574,2,frame,freezing,farm,feather,father,fence,friend,fabulous,,,,,,,,,,,,,,,,,,,
12575,2,fuck,far,friendly,flat,fever,finger,flighty,fool,fence,flagrant,fragrant,,,,,,,,,,,,,,,,
12576,2,flying,fellowship,flower,father,fast,forward,foremost,furious,funny,faults,finger,friend,family,forest,front,,,,,,,,,,,,
12577,2,funny,friendly,frivolous,fur,fat,fabulous,forever,forgotten,fantasy,forest,fuzzy,frantic,frenetic,family,,,,,,,,,,,,,
12578,2,fancy,feast,fat,fit,form,fridge,follow,farm,fart,feminine,fence,fender,fun,,,,,,,,,,,,,,
12579,2,face,font,full,faithful,forever,fruit,funny,fill,Father,friction,,,,,,,,,,,,,,,,,
12580,2,funny,functional,fabulous,feeling,friend,foe,flowers,freak,fame,formidable,fax,figures,from,fate,feet,front,frames,,,,,,,,,,
12581,2,fine,find,flower,fichus,flavor,figure,finger,flowing,finance,feature,farm,focus,,,,,,,,,,,,,,,
12582,2,fun,Fill,Fall,fish,finish,forget,fortitude,fortune,follow,fit,fiction,forward,filibuster,,,,,,,,,,,,,,
12583,2,fork,fidget,father,faithful,final,forward,,,,,,,,,,,,,,,,,,,,,
12586,2,,,,,,,,,,,,,,,,,,,,,,,,,,,
12591,2,follow,filing,farm,fish,fellow,faun,friendly,finally,from,flowers,funny,fabulous,forthcoming,family,,,,,,,,,,,,,
12592,2,fruit,faun,folk,fearless,front,fox,full,freak,funny,fire,,,,,,,,,,,,,,,,,
12594,2,fan,fetch,finch,forget,fuss,fender,fantastic,futile,fun,frock,fancy,,,,,,,,,,,,,,,,
12597,2,father,feeling,foreign,flag,future,fling,from,face,follow,fraternize,fortunate,footage,feet,fibular,fast,feather,fibbing,,,,,,,,,,
12602,2,friend,fire,fair,fun,feelings,frightened,fury,fabulous,fever,feline,figure,finish,fill,full,fool,feed,fruit,fresh,flu,,,,,,,,
12615,2,fun,family,fantastic,folk,fabulous,for,fan,fox,flamingo,,,,,,,,,,,,,,,,,,
12621,2,frank,for,far,from,farm,forever,faulty,fern,fruit,fridge,fig,floor,flicker,,,,,,,,,,,,,,
12622,2,food,flesh,fetus,finger,floor,fast,fate,fact,feline,force,,,,,,,,,,,,,,,,,
12624,2,,,,,,,,,,,,,,,,,,,,,,,,,,,
12628,2,frizz,flail,fled,flack,flop,flip,fling,finger,forced,frail,forever,for,fist,fidget,face,fast,fang,forest,flower,freeze,frost,,,,,,
12727,2,funny,fig,fudge,fiddle,frog,from,forest,flamingo,filter,fantastic,fast,furious,furry,fusty,frosty,fridge,finagle,fax,futon,future,fortune,fledgeling,family,forcep,,,
12728,2,forest,food,fort,farm,fire,flock,filed,fair,fairy,ferryboat,fish,fad,fall,fight,fig,flag,film,frock,fat,fax,folk,forum.,,,,,
12729,2,fridge,fun,fan,fin,finish,for,former,forget,firmer,femur,fuck,fantiastic,fantabulous,forgo.,,,,,,,,,,,,,
9377,2,forever,foul,fill,foreboding,from,file,forthcoming,fall,friend,fool,,,,,,,,,,,,,,,,,
12749,2,filth,fate,fake,face,feign,fair,fail,fold,folk,famish,familiar,family,fart,fault,fumes,fury,fussy,film,filter,foam,form,frost,fast,free,fresh,flash,
12752,2,fox,fuck,fairly,flower,fun,fine,fish,fumble,forget,feelings,frank (honest),foul,fame,,,,,,,,,,,,,,
12756,2,field,flowers,fanciful,fantastic,forever,forward,football,frankly,forecourt,financial,feelings,following,flooring,frantic,fiddle,,,,,,,,,,,,
12758,2,fish,fool,fart,fry,friend,frequency,farmer,female,fantastic,foe,fee,fum,family,,,,,,,,,,,,,,
12759,2,Fun,folley,fear,fabricate,file,force,face,fabulous,fabric,,,,,,,,,,,,,,,,,,
12770,2,foul,face,fact,fisher,funny,friendly,figure,force,futile,faith,fever,frank,fresh,ferry,formula,final,,,,,,,,,,,
12771,2,face,fan,friend,flop,figure,fine,fun,fox,frightful,faithful,fact,fabulous,futile,fling,fear,fob,fossil,fondle,fop,frog,fire,,,,,,
12774,2,Friend,fire,fog,frog,fur,filter,freedom,figure,fumble,football,fury,family,foresight,fish,,,,,,,,,,,,,
12777,2,field,flower,flour,flee,fix,fly,,,,,,,,,,,,,,,,,,,,,
12780,2,fork,feather,fetch,fall,feel,field,fortress,faith,flower,fox,flat,farm,firm,fume,form,for,final,financial,fishing,feature,film,,,,,,
,110,,,,,,,,,,,,,,,,,,,,,,,,,,,
1329,3,"Florence,","fan,","fun,","fickle,","Fran,","fussy,","fib,","funky,","fruit,","faint,","fit,","fraternity,","frustrating,","fantastic,","food,",,,,,,,,,,,,
1331,3,"Folk,","fuck,","fun,","ferry,","fun,","fate,","food,","fish,","fall,","funk,","fane,","fair,","full,","fell,",,,,,,,,,,,,,
1341,3,"Food,","factory,","female,","farce,","flame,","feed,","food,","farm,","flesh,","fleece,",figure,,,,,,,,,,,,,,,,
1388,3,"Family,","future,","foremost,","first,","face,","fact,",former,,,,,,,,,,,,,,,,,,,,
1389,3,"Female,","forget,","family,","fugitive,","fatigue,","fill,","faint,","fortune,","fore,","finally,","finish,",,,,,,,,,,,,,,,,
13102,3,"Find,","frame,","force,","fact,","fiction,","formula,","forgotten,","frame,","face,","function,","formula,","formation,","fact,","fiction,","foundation,","formula,","fraction,","function,",formula,,,,,,,,
13108,3,"Frankfurst,","farther,","father,","future,","friend,","foe,","figure,","figurine,","fright,","fear,","freight,","flu,","finger,","French,","frigate,","french-fry,","flea,","future,","flint,","future,",farther,,,,,,
13157,3,"Fox,","football,","feet,","father,","fart,","fiddle,","fat,","funny,","five,","fancy,","fury,","fussbudget,","flat,","forensic,","fluffy,","fancy,","flourish,","fandangle,",fiddlesticks,,,,,,,,
13167,3,"Fool,","flame,","fire,","folk,","faux-pas,","fix,","fry,","finger,","faint,","feel,","fox,","foolish,","fixture,","farm,","finagle,","frighten,","force,","frumpy,","finish,",fine,,,,,,,
13179,3,Frank,friendly,face,fearful,fanatic,fore,friendship,fruitful,family,furnace,forecast,flower,fence,farmer,field,fruit,,,,,,,,,,,
13215,3,"Frank,","Friends,","Furious,","Flower,","Free,","Fudge,","Finger,","Friend,","Future,","Filling,","Fly,","Forever,","Fulfill,",Fling,,,,,,,,,,,,,
13220,3,"Frank,","Fashion,","Fussy,","Farmer,","Frame,","Furniture,","Focus,","Fallacy,","Friend,","Foe,","French,","Furtive,","Foreign,","Former,","Found,","Fussy,","Fuzz,","Feminine,","Foetus,","Fallow,","Follow,","Faint,",Fracas,,,,
13230,3,"Fort,","Fat,","Fun,","Fair,","Fat,","Folly,","Favored,","Favour,","Favourite,","Fancy,","Fine,","Flab,","Floor,","Flush,","Fresh,","Flap,",Fresh,,,,,,,,,,
13234,3,fox,fly,fur,ferry,fun,fundamental,fantastic,fiddle,faddle,fort,fortress,foreign,ford,further,funicular,fernier,Forney,forecast,fun,fiddle,federal,fiduciary,fundamental,forecast,foreign,,
13236,3,fruit,flowers,falcon,famous,favourite,fashion,flurry,forget,formal,face,frugal,fiddle,fingers,foot,flavour,,,,,,,,,,,,
13274,3,foot,feel,frown,fart,friend,fuel,finger,freeze,field,fort,fire,fearsome,friend,foe,forced,,,,,,,,,,,,
13273,3,"Fine,","flower,","feed,","follow,","fire,","first,","fill,","for,","fry,","flow,","from,",five,,,,,,,,,,,,,,,
13282,3,"faith,","friendly,","fruit,","fragment,","flag,","fly,","future,",father,,,,,,,,,,,,,,,,,,,
BJ,,,,,,,,,,,,,,,,,,,,,,,,,,,,
13428,3,failure,finance,fortune,feeble,friendly,frugal,fiduciary,,,,,,,,,,,,,,,,,,,,
13441,3,far,forever,forgiving,finger,frame,fall,ferris wheel,fantasize,family,,,,,,,,,,,,,,,,,,
13442,3,furnace,fire hose,finger,file,fitness,freehold,fireball,foremost,farewell,food,flee,fish,,,,,,,,,,,,,,,
13447,3,fair,fang,from,fix,fast,forward,fun,,,,,,,,,,,,,,,,,,,,
13452,3,furnace,fire,feminine,female,ferocious,funny,federal,frost,forgotten,furious,function,feline,femur,food,,,,,,,,,,,,,
13455,3,flowers,friendship,feelings,forests,fine-art,forgiveness,follow,fellowship,faking,fooling,fair,fur,finish,foreign,forthright,favorites,,,,,,,,,,,
13457,3,fun,foolish,funky,friend,furniture,frog,fortune,fruit,,,,,,,,,,,,,,,,,,,
13460,3,floor,found,frame,fox,fire,for,,,,,,,,,,,,,,,,,,,,,
13477,3,furniture,fur,film,funnel,fame,father,further,from,for,fee,fixture,frog,,,,,,,,,,,,,,,
13479,3,fruit,fennel,for,frown,fence,fatal,fun,fortune,finger,fort,film,fat,form,fire,,,,,,,,,,,,,
13480,3,frank,facility,forgone,favor,fritzed,flossy,flippant,fraud,fart,frenzy,flavor,,,,,,,,,,,,,,,,
13481,3,frog,field,father,finicky,flexible,farmer,forest,fort,feelings,far,fine,few,farce,fussy,,,,,,,,,,,,,
13482,3,fall,frank,fallace,focsi,freedom,funny,flower,fornication,fantastic,fellow,frame,full,fat,foster,flag,friendly,face,foreign,fracture,fellowship,famous,framework,,,,,
13483,3,field,fly,fennel,forget,finally,find,fib,fear,fake,,,,,,,,,,,,,,,,,,
13484,3,falcon,fellow,fluid,fit,fluish,friendly,frisky,football,frenzy,frantic,foreign,fertile,floaty,far,from,,,,,,,,,,,,
13486,3,feel,find,frost,from,for,far,forward,faster,frown,foul,,,,,,,,,,,,,,,,,
13487,3,Fence,face,faucet,frivolous,faith,femoral,facet,fix,friend,force,fall,feted,fade,farm,for,fend,fact,,,,,,,,,,
13507,3,frog,fridge,foot,field,fast,free,fool,,,,,,,,,,,,,,,,,,,,
13508,3,fish,food,finger,,,,,,,,,,,,,,,,,,,,,,,,
13558,3,fix,faint,far,fine,fit,face,fun,fear,friend,finger,,,,,,,,,,,,,,,,,
13584,3,food,fright,family,foolish,friendly,funny,found,famous,fidgety,,,,,,,,,,,,,,,,,,
13605,3,frank,follow,friend,field,face,facilitate,fraction,,,,,,,,,,,,,,,,,,,,
13609,3,fun,fresh,frugal,focus,funnel,foresight,figure,fox,friend,feeble,finger,frozen,,,,,,,,,,,,,,,
13618,3,frog,faint,fog,funny,folks,fanny,freedom,fetch,fame,flower,,,,,,,,,,,,,,,,,
13619,3,fox,friend,fortunate,family,far,fate,fatality,frumpy,flicker,fart,familiar,farm,field,fiend,finder,,,,,,,,,,,,
13623,3,fridge,fill,fool,fracas,fortune,fish,frontier,face,force,fries,frankfurters,forceps,fingers,fruit,farewells,,,,,,,,,,,,
13632,3,friend,food,fast,furious,forecast,fun,fish,fools,fantastic,fortress,fan mail,fruitcake,fright,foot,frank,fool,festival,feast,fastidious,,,,,,,,
13633,3,friend,field,fellow,future,famous,,,,,,,,,,,,,,,,,,,,,,
13641,3,fast,fastidious,fashion,fellow,fraud,fake,fence,founder,flounder,fish,ferocious,flack,flesh,ferry,flat,fabulous,fancy,former,,,,,,,,,
13642,3,far,from,fight,fail,for,fiscal,fat,feel,fist,fun,funeral,,,,,,,,,,,,,,,,
13647,3,fool,fountain,force,frantic,full,funny,follow,find,fill,funnel,fantasy,fall out,fumble,flower,flop,forever,frolic,,,,,,,,,,
13649,3,face,feather,forward,frame,feline,factual,frank,farm,fence,father,fodder,,,,,,,,,,,,,,,,
13657,3,funny,freedom,fiscal,foot,face,foul,furniture,frequent,forge,freeway,flower,fat,,,,,,,,,,,,,,,
13659,3,fine,fox,fig,few,film,fight,fund,fudge,funny,filter,figure,foot,fellow,fizzle,,,,,,,,,,,,,
13681,3,floor,faking,framework,fridge,fried,forsaken,friendly,freed,focused,forgotten,flag,flood,fluid,frantic,freezing,frosty,fog,frog,,,,,,,,,
13683,3,fresh,food,fight,foolish,frog,flip,fog,free,fright,,,,,,,,,,,,,,,,,,
13684,3,free,figures,fantasy,fail,file,fill,,,,,,,,,,,,,,,,,,,,,
13696,3,forever,fever,fascists,fidelity,flower,fix,freedom,flow,fortune,famous,fire,,,,,,,,,,,,,,,,
13697,3,frank,from,flower,flour,format,foam,farthest,fork,familiar,family,fame,floor,forward,,,,,,,,,,,,,,
13704,3,face,factual,frankness,fate,fox,fire,firefly,fantasy,fast,favored,foot,feat,,,,,,,,,,,,,,,
13711,3,fork,fence,flavor,filling,fortune,frost,fairy,forest,fanciful,fingers,flick,front,,,,,,,,,,,,,,,
13740,3,fire,firm,function,future,façade,funky,from,floor,front,force,foot,,,,,,,,,,,,,,,,
13742,3,Fine,fudge,forget,finger,fumble,fascinating,fabulous,fence,family,fat,,,,,,,,,,,,,,,,,
13745,3,fridge,frozen,frost,fully,fall,figurative,fidget,farm,frightening,forsaken,future,,,,,,,,,,,,,,,,
13747,3,Furry,fish,flower,far,fix,flap,fence,fat,fun,function,flat,fraught,famous,fortune,frank,,,,,,,,,,,,
13786,3,frank,feeble,frail,faint,feed,fort,frame,future,forget,,,,,,,,,,,,,,,,,,
13807,3,fire,friend,face,flower,future,fill,finicky,façade,,,,,,,,,,,,,,,,,,,
,65,,,,,,,,,,,,,,,,,,,,,,,,,,,