Participant,Group,,,,,,,,,,,,,,,,,,,,,,,,,,,,,,,,,
8,1,Snake,slither,sun,sunflower,seeds,sand,sea,seashells,shell,silly,sun,sew,silver,,,,,,,,,,,,,,,,,,,,
9,1,Snake ,surreptitious ,sneaky ,stab ,save ,swim ,secret ,stealthy ,sexy,slippery ,silver ,slime ,slit ,sand ,super ,state ,stand ,sock ,sodding ,soak ,,,,,,,,,,,,,
10,1,Snake ,school ,secret ,snow ,sad ,sleep ,sick ,shovel ,slip ,slide ,sand ,sever ,stove ,,,,,,,,,,,,,,,,,,,,
1101,1,Safire ,steak ,salamander ,stars ,sky scraper ,snail ,sunflower,Safire,,,,,,,,,,,,,,,,,,,,,,,,,
1102,1,Stark ,super ,star ,smear ,stuck ,smile ,super ,sling ,swing ,scar ,slave ,stop ,sorry,,,,,,,,,,,,,,,,,,,,
1103,1,Sex ,single ,separated ,simple ,segregate ,sample ,singular ,sextuplet,seahorse ,salamander ,sensual ,sensation ,some,,,,,,,,,,,,,,,,,,,,
1104,1,Steer ,same ,sorry ,single ,step ,stood ,stair ,sting ,spring ,sling ,strong ,seemingly ,simple ,story ,sky ,sarcoma ,singular ,sample ,syringe ,sure ,shark ,shamble ,shore ,slut  ,,,,,,,,,
1105,1,sorry ,some ,something ,sip ,sir ,sat ,Sunday ,see ,send ,sense ,sleigh ,sure ,slow ,sleep ,slap ,smoke ,smother ,smell ,song,,,,,,,,,,,,,,
1106,1,Suck ,soggy ,saw ,soccer ,saw ,set ,sit ,side ,slide ,slab ,saddle ,,,,,,,,,,,,,,,,,,,,,,
1107,1,Sugar ,spice ,salmon ,sarcastic ,salmonella ,sideways ,sarcastic ,sauce ,sassy ,sopanotic ,shore ,seashell ,sink ,sail ,straw ,sand ,slip ,stink ,shout ,shark ,,,,,,,,,,,,,
1108,1,So ,some ,sought ,sod ,saw ,see ,saw ,sock ,sludge ,snow ,sleet ,,,,,,,,,,,,,,,,,,,,,,
1109,1,Sky scraper,scrape ,sweet ,sugar ,slander ,sick ,sad ,solemn ,sold ,sack  ,suck ,scrupulous ,sent,,,,,,,,,,,,,,,,,,,,
1110,1,Start ,stop ,sex ,stand ,satisfactory ,sea ,send ,sad ,sound ,sensual ,scratch ,scar ,send,,,,,,,,,,,,,,,,,,,,
1111,1,Science,similarity,silver,silence,shingle,shiver,sieve,slight,sled,sloth,serious,serial,sugar,seraphim,silly,Shewanella,species,sit,,,,,,,,,,,,,,,
1112,1,Shirt ,satchel ,smile ,swim ,site ,someone ,something ,saddle ,smile ,shady ,sketch ,skate ,sea ,,,,,,,,,,,,,,,,,,,,
1113,1,Sock,snake,satin,silk,slime,slurry,snow,slippery,sale,single,sash,sallow,soft,stud,sort,sideways,steering,steed,stallion,,,,,,,,,,,,,,
1114,1,Snake,snorkel,snot,snicker,smiling,smitten,sharing,shareholders,shit,shot,shitting,shig,shick,skit,sky,skewer,sour,stutter,stupid,sarcastic,sing,singing,sell,sort,skyrocket,socket,song,,,,,,
1123,1,Sheer ,shark ,seal ,silver ,slide ,shiver ,slick ,sketch ,sack ,satchel ,,,,,,,,,,,,,,,,,,,,,,,
1126,1,Snake ,severe ,save ,synthesizer ,sometimes ,solid ,sweet ,savoury ,significant ,savour ,satisfy ,succinct ,separate ,several ,scissors ,school ,,,,,,,,,,,,,,,,,
1135,1,Sadistic ,stimulate ,stymie ,sound ,swift ,swelter ,seaweed ,sarcastic ,serious ,sink ,swim ,soak ,sand ,sun ,state ,strafe ,sight ,see ,screen ,savour ,and,saver  ,,,,,,,,,,,
1161,1,Sat,sit,steep,stool,standing,ship,shoot,shake,step,stone,snake,snail,smell,see,sewer,sail,seek,sandwich,,,,,,,,,,,,,,,
1162,1,Snake ,source ,simple ,sound ,slice ,sleep ,slate ,sling ,sample ,sane ,sand ,sound ,sears ,skin ,slide ,see ,seep ,spoon ,spine ,spin ,stand ,stare ,,,,,,,,,,,
1184,1,Start,send,sent,sex,sent,scent,satire,Saturday,son,soon,so,sought,solid,solely,sod,sob,sing,signify,suffer,stiff,sole,,,,,,,,,,,,
1185,1,Shark,sink,swing,sort,sandwich,samurai,super,superintendent,sophomore,soccer,softball,step,string,shrink,swing,sport,swap,swat,swank,scab,stab,smack,smart,scotch,sanction,setup,set,setting,situation,shift,shirt,shorts,sideburn
1195,1,"Simmer,","super,","sock,","sunny,","super,","sassy,","synopsis,","story,","segment,","store,","superstore,",super,"market,","Sunday,","setting,",,,,,,,,,,,,,,,,,,
1199,1,"Seven,","September,","salt,","salsa,","samba,","sting,","stain,","stamp,","stomp,","stall,","stereo,","steer,","sound,","seem,","sooth,",,,,,,,,,,,,,,,,,,
11116,1,"Sign,","suck,","shoot,","see,","sought,","sew,","sour,","sound,","sight,","smell,","star,","stuck,","stay,","sat,","sigh,",,,,,,,,,,,,,,,,,,
11117,1,"Swimming,","synchronized,","shopping,","silly,","skank,","slow,","singing,","sharp,","stool,","sank,","shit,","shore,","sea,","snow,","shovel,","school,","sand,","students,",,,,,,,,,,,,,,,
11118,1,"Sheep,","shit,","swallow,","seven,","sometimes,","something,","someone,","suppose,","squirrel,","shark,","same,","sambuca,","seldom,","super,","slut,","sex,","sort,",,,,,,,,,,,,,,,,
11119,1,"Snake,","sailboat,","sorry,","selfish,","sad,","sangria,","slender,","sleek,","solemn,","seven,",shell,"fish,","sea,","sense,","strange,","scared,","stupid,","slow,",,,,,,,,,,,,,,,
11120,1,"Star,","simple,","song,","strawberry,","strong,","summer,","spring,","sleep,",sour,,,,,,,,,,,,,,,,,,,,,,,,
11121,1,"Slip,","slide,","slop,","swing,","swoop,","salamander,","snake,","snare,","snap,","switch,","smooth,","swap,","sanction,","saliva,","saxophone,","sex,","sap,","severe,","section,",,,,,,,,,,,,,,
11122,1,"Saturday,","snake,","snow,","shine,","sipping,","Sunday,","sweet,","soggy,","shirt,","stripe,","swing,","snail,","sideways,",,,,,,,,,,,,,,,,,,,,
11143,1,Safe,save,segue,separate,surmise,summary,sail,snail,son,stupid,snake,Sunday,Saturday,sun,super,star,space,sit,sought,,,,,,,,,,,,,,
11145,1,Shift,sift,song,sing,sling,swift,soccer,shit,sofa,shower,shamble,sample,sew,sip,sink,stop,,,,,,,,,,,,,,,,,
11147,1,Squirrel,snake,scissors,system,square,snake,snack,steak,stalk,,,,,,,,,,,,,,,,,,,,,,,,
11151,1,Snake,share,support,success,sex,sergeant,salt,sapphire,shake,shine,sparkle,shoot,shag,shrug,suggest,strut,start,stop,star,strut,suck,such,,,,,,,,,,,
11175,1,Super,salad,snake,scissors,sandwich,something,silly,sad,smart,strawberry,sidewalk,stop,sign,sun,sand,sleep,,,,,,,,,,,,,,,,,
11176,1,Snake,statue,snail,salamander,scorpion,smite,slight,smile,sleigh,Sagittarius,slither,slack,smack,sound,,,,,,,,,,,,,,,,,,,
11183,1,Supper,shrimp,socks,shirt,slippery,soup,seal,shark,,,,,,,,,,,,,,,,,,,,,,,,,
11189,1,Snake,snack,circus,shark,sand,sphinx,sharp,sewer,sunflower,sink,shorts,shoes,socks,solid,singular,seduce,staple,,,,,,,,,,,,,,,,
11211,1,shorts,symbol,stall,silly,sort,sample,selfish,seem,silk,stalk,steer,stalk,snail,snot,seep,sherry,shop,shore,shimmy,size,,,,,,,,,,,,,
11214,1,"Sad,","sassy,","son,","sunglasses,","sin,","song,","single,","sex,","shirt,","skirt,","shoes,","socks,","stripes,","story,","stall,","sting,","street,",society,,,,,,,,,,,,,,,
11216,1,snake,swim,sharp,sink,shark,shun,sham,super,strong,slither,slime,song,soft,sung,sort,same,supple,,,,,,,,,,,,,,,,
11217,1,sassy,suspect,street,stairs,Syracuse,streetlight,stereo,stadium,stars,stereotypical,stratosphere,status,stress,spaceship,ship,,,,,,,,,,,,,,,,,,
11221,1,"Sail,","soul,","sink,","sliver,","slave,","stove,","slip,","savour,","slide,","stout,","super,","scent,","slant,",second,,,,,,,,,,,,,,,,,,,
11226,1,shake,sample,sake,save,shave,shape,satiate,satirize,sample,solid,summer,spring,student,scream,scramble,slate,save,,,,,,,,,,,,,,,,
11249,1,smart,sound,sinful,silly,sale,special,sore,seldom,smell,share,shoe,sleigh,sorrow,shingle,sing,,,,,,,,,,,,,,,,,,
11259,1,"Snake,","soft,","socks,","sexy,","sadist,","sematic,","sensor,","slight,","steal,","seduced,","slander,","stop,","surrender,","sideways,","slide,","sail,","sky,","surround,","sit,","sight,","sound,",circumvent,,,,,,,,,,,
11278,1,"So,","some,","southern,","somebody,","someone,","somehow,","sullen,","sorrow,","sow,","sulk,","symbol,","somber,","segue,","synonym,","samosa,","Salisbury,","serenade,","symphony,","saturate,","solution,","salt,","saline,",some,,,,,,,,,,
BJ,,,,,,,,,,,,,,,,,,,,,,,,,,,,,,,,,,
11302,1,support,sister,shoulder,stomach,stand,sit,suffer,security,sincere,sad,suppose,sustain,suspect,shame,shun,shovel,shake,,,,,,,,,,,,,,,,
11304,1,snake,still,stop,stand,strawberry,shingle,shine,star,stripe,strap,sting,shop,shower,sap,squawk,spawn,sport,soccer,swimming,spring,,,,,,,,,,,,,
11306,1,state,sway,sing,start,sarcastic,story,sell,scone,short,see,seal,salt,shot,shore,sure,shock,shack,shell,sense,sear.,,,,,,,,,,,,,
11309,1,soup,sir,shore,sea-shell,surf,sushi,stand,supper,stall,suburbs,,,,,,,,,,,,,,,,,,,,,,,
11313,1,,,,,,,,,,,,,,,,,,,,,,,,,,,,,,,,,
11361,1,,,,,,,,,,,,,,,,,,,,,,,,,,,,,,,,,
11365,1,start,stupid,stampede,stirrup,short,stack,stencil,star,still,shark,share,soon,son,sandy,sick,samara,shwarma,sore,suite,salmon,sparrow,spool,spoon,scorn,scull,scare,,,,,,,
11390,1,sail,season,snail,sulfur,subject,solar,subpar,select,see,send,safe,saved,suspicious,sonar,,,,,,,,,,,,,,,,,,,
11400,1,sloppy,slurred,sorted,sadistic,solvent,synonym,seagull,syllable,slap,screwdriver,setting,,,,,,,,,,,,,,,,,,,,,,
11404,1,salmon,sex,salt,soft,sand,shoot,sorry,specific,spark,shit,surrender,soda,soap,super,slot,soup,sun,sound,,,,,,,,,,,,,,,
11411,1,syphon,sun,sky,shit,story,stalemate,stale,sidewalk,sideways,stiff,sorry,segment,suffer,,,,,,,,,,,,,,,,,,,,
11414,1,syphilis,syringe,siren,serene,shit,shimmer,steal,stale,sole,stripe,strength,sorority,sow,store,strut,,,,,,,,,,,,,,,,,,
11417,1,snake,silent,singing,sacrament,shoes,shorts,sleeves,sacrilegious,shack,shell,shock,silver,Sliver,sat,set,,,,,,,,,,,,,,,,,,
11423,1,sugar,sun,system,sign,sound,silent,sand,stunner,sudden,stencil,stigma,sigma,,,,,,,,,,,,,,,,,,,,,
11424,1,snake,sandpaper,sand,soft,search,sandwich,smile,smock,sad,sappy,scorpion,,,,,,,,,,,,,,,,,,,,,,
11427,1,,,,,,,,,,,,,,,,,,,,,,,,,,,,,,,,,
11430,1,,,,,,,,,,,,,,,,,,,,,,,,,,,,,,,,,
11431,1,,,,,,,,,,,,,,,,,,,,,,,,,,,,,,,,,
11432,1,,,,,,,,,,,,,,,,,,,,,,,,,,,,,,,,,
11434,1,,,,,,,,,,,,,,,,,,,,,,,,,,,,,,,,,
11435,1,,,,,,,,,,,,,,,,,,,,,,,,,,,,,,,,,
11436,1,,,,,,,,,,,,,,,,,,,,,,,,,,,,,,,,,
11437,1,,,,,,,,,,,,,,,,,,,,,,,,,,,,,,,,,
11438,1,,,,,,,,,,,,,,,,,,,,,,,,,,,,,,,,,
11439,1,,,,,,,,,,,,,,,,,,,,,,,,,,,,,,,,,
11440,1,,,,,,,,,,,,,,,,,,,,,,,,,,,,,,,,,
11490,1,sublime,science,sex,sorry,serendipitous,snake,sloth,slime,slippery,skunk,sense,sent,scent,skank,stable,stickieâ€™s,,,,,,,,,,,,,,,,,
11491,1,snakes,slithering,snob,shit,salamander,sleep,serpent,subject,slime,,,,,,,,,,,,,,,,,,,,,,,,
11493,1,sing,sample,sit,soup,sick,sting,sizzle,sofa,suit case,swimming,sun,son,soda,sick,stamp,,,,,,,,,,,,,,,,,,
11497,1,soil,sot,singing,symphony,synonym,sail,salt,sore,sand,shook,squirt,sour,single,splinter,spat,sprout,salmon,sapphire,,,,,,,,,,,,,,,
11498,1,snakes,snare,stoop,steep,stupid,sky,surface,slug,slimy,storm,stars,start,,,,,,,,,,,,,,,,,,,,,
11500,1,soup,smell,steam,steep,stole,stop,sign,slip,slap,slope,sabotage,step,store,stab,stripe,stairs,stationary,stupid,stamp,stem,,,,,,,,,,,,,
11504,1,snake,singing,silent,slipper,sliver,sumptuous,seal,seagull,snare,stub,sub,swing,sold,sad,sorry,smell,sum,sass,said,sow,,,,,,,,,,,,,
11510,1,snake,sour,silk,silver,somber,sleep,single,short,smart,stop,stock,snow,shovel,shelf,symbol,sarcasm,syphilis,signature,singularity,salt,skill,sand,shark,,,,,,,,,,
11515,1,snakes,serpent,silver,swim,stage,screen,scare,statue,stove,sting,starch,stretch,serve,swish,swing,sweater,sword,stapler,scorpion,,,,,,,,,,,,,,
11517,1,snakes,scorpion,solitude,scrap,skate,snorkel,swim,ski,snot,summer,spring,song,sneer,smoke,smiley,space,special,sprinkle,span,square,scope,,,,,,,,,,,,
11525,1,silly,snake,sorry,staples,snail,slap,sticker,straps,straight,stratified,stratosphere,space,stupendous,stupid,stake,steal,state,stress.,,,,,,,,,,,,,,,
11530,1,sister,stop,siren,silence,soak,soft,shoot,shoes,sink,sorrow,silly,story,stand,swallow,sit,stars,sing,storm,stride,stupid,small,suspect,sinister,,,,,,,,,,
11532,1,sandwich,sex,saliva,sand,sable,sad,smart,speck,sting,sure,shirt,spy,start,surround,sing,sweater,soft,sweat,spirit,stand,sit,slide,stop,slip,,,,,,,,,
11533,1,snake,silent,similar,same,strength,strike,strip,strict,strap,soup,sole,sense,sent,scent,strange,streak,stream,sun,sky,space,star,sound,,,,,,,,,,,
11537,1,super,snake,sandwich,savor,sift,slippery,salt,sick,suffer,salvation,set,split,sever,sideways,,,,,,,,,,,,,,,,,,,
11538,1,sad,sex,sadistic,soul,smile,shit,sand,,,,,,,,,,,,,,,,,,,,,,,,,,
11541,1,saw,seal,slip,slide,sight,snake,slither,sip,sit,steer,smoke,spoke,spelling,spying,song,,,,,,,,,,,,,,,,,,
11542,1,sail,steer,stop,shop,shell,send,super,safe,sand,stand,star,seashell,sea fish,story,similar,starving,same,single,,,,,,,,,,,,,,,
11543,1,snake,search,snow,snowmobiling,sure,soft,strong,sensitive,sound,silent,sing,sight,sleep,surround,sink,,,,,,,,,,,,,,,,,,
11544,1,success,succulent,sufficient,sometimes,serendipity,sacrilegious,sensory,sassy,status,sterile,stormy.,,,,,,,,,,,,,,,,,,,,,,
11549,1,standard,systematic,stick,steer,solid,sick,squash,stair,sat,somewhere,,,,,,,,,,,,,,,,,,,,,,,
11552,1,snake,sneakers,swear,sing,swan,swoon,strawberry,sky,smell,stink,stare,stars,shine,,,,,,,,,,,,,,,,,,,,
11553,1,snake,stop,swift,swirl,swish,sick,sad,sod,soap,suppose,system,sister,store,sorry,same,swim,symbol,,,,,,,,,,,,,,,,
11598,1,,,,,,,,,,,,,,,,,,,,,,,,,,,,,,,,,
11599,1,super,safe,salt,saxophone,sequential,smart,scale,saline,slow,steady,steps,structure,sign,sing,scared,stutter,,,,,,,,,,,,,,,,,
11600,1,sad,sharp,snail,sigh,shallow,sword,sucker,synonymous,sour,sweet,shy,shoe,sweater,,,,,,,,,,,,,,,,,,,,
11635,1,short,speedy,sound,savory,salamander,salt,sergeant,sage,serpent,snake,safe,slow,slat,sear,sizzle,shake,scar,scrap,scrape,,,,,,,,,,,,,,
11636,1,sister,storm,sassy,self,sorcerer,sat,satire,sentence,sack,savage,sold,service,stance,solve,sword,saint,star,sail,send,sap,stain,strain,,,,,,,,,,,
11640,1,sad,silly,slouch,sandwich,send,source,sword,silk,satchel,soup,sound,sector,sack,serious,super,strong,,,,,,,,,,,,,,,,,
11692,1,soccer,sweat,symbol,sign,send,street,safe,sense,saint,semblance,sort,sex,song,sound,solid,sacrilegious,,,,,,,,,,,,,,,,,
11796,1,snakes,sunny,student,serious,school,silly,smart,stupid,sing,sachet,skin,store,sky,snail,shoes,,,,,,,,,,,,,,,,,,
11818,1,snake,stupid,street,sight,sore,seagull,sea,super,sensitive,sad,sadistic,statistic,,,,,,,,,,,,,,,,,,,,,
11819,1,serve,saint,serviette,swim,saw,sane,smart,straw,swing,swat,stop,steer,stay,sting,smell,,,,,,,,,,,,,,,,,,
11822,1,snake,subtle,soon,swan,sound,sweater,shoes,socks,salamander,senses,silence,smell,sun,sunscreen,sand,,,,,,,,,,,,,,,,,,
11824,1,snake,slither,stab,saint,super,supper,stage,steal,stain,smile,soak,smudge,sponge,some,sour,stick,stem,slim,slight,,,,,,,,,,,,,,
11825,1,strawberry,save,school,shoe,sock,skirt,sweater,sailboat,ship,sea,seal,squat,stand,,,,,,,,,,,,,,,,,,,,
11826,1,snakes,scorpions,sass,scrumptious,silly,stupid,sarcastic,sandwiched,surprised,surrounded,salad,someone,surname,son,,,,,,,,,,,,,,,,,,,
11827,1,sad,savory,soothing,soup,suit,soft,solid,scary,sappy,side,supplies,sun,star,,,,,,,,,,,,,,,,,,,,
11830,1,saving,succession,seriously,sorry,surreptiously,supplying,sounding,,,,,,,,,,,,,,,,,,,,,,,,,,
11831,1,sneak,scissors,slip,syringe,spiral,slippery,simply,somewhere,sort,stratify,strategy,still,,,,,,,,,,,,,,,,,,,,,
11837,1,south,sore,sedimentary,settlement,sail,sea,sat,souvenir,savior,survivor,satisfactory,safe,sentimental,soon,,,,,,,,,,,,,,,,,,,
11839,1,so,scent,sequentially,sign,sigh,system,,,,,,,,,,,,,,,,,,,,,,,,,,,
11843,1,share,store,stick,some,sale,say,social,staple,stamina,style,sick,sigh,smell.,,,,,,,,,,,,,,,,,,,,
,,,,,,,,,,,,,,,,,,,,,,,,,,,,,,,,,,
1201,2,Sequence ,satin ,sexy ,summer ,stimulate ,subtract ,subway ,same ,sex ,similarity ,salvation ,salutation,,,,,,,,,,,,,,,,,,,,,
1202,2,Sashay,sound,sand,salt,safe,sag,sap,sarong,salamander,salacious,sat,satin,say,saw,sabbatical,sacrum,sugar,seem,says,,,,,,,,,,,,,,
1203,2,Snake ,sunshine ,some ,savour ,sinister ,sap ,siskin ,sailboat ,sail ,supper ,soap ,snake,,,,,,,,,,,,,,,,,,,,,
1204,2,snoop,soap,satisfy ,simple,suri,silly,source,sent,sample,scissors,slippers,soccer,sat,situated,side,screen,,,,,,,,,,,,,,,,,
1205,2,Stealthy,stupid,sometime,somewhat,stutter,sought,symbol,such,subtle,subway,something,salver,silver,stupid,,,,,,,,,,,,,,,,,,,
1206,2,Songs ,silver ,sweetheart ,sophisticated ,sophistry ,sacrosanct ,silver ,solder ,soldier ,sex ,sectarian ,sweetheart ,snow ,stag ,,,,,,,,,,,,,,,,,,,
1207,2,Super ,sequin ,salt ,serious ,stark ,shock ,shark ,symmetry ,shed ,snarky ,sparky,shampoo ,seizure ,sapling ,sort ,slangier,sensitive ,superior ,spank ,,,,,,,,,,,,,,
1208,2,sure ,shallow ,segue,stitches ,slovenly ,smattering ,snitch ,spell ,special ,squirrel ,stem ,stall ,,,,,,,,,,,,,,,,,,,,,
1209,2,Sit ,spin ,suspense ,sushi ,straight ,stream ,spot ,syringe ,supple ,serpent ,servant ,strange ,Sabbath ,sort ,satirical ,,,,,,,,,,,,,,,,,,
1210,2,SOS ,sarsaparilla ,satisfy ,sauce ,sanctify ,subcutaneous ,submarine ,suspect ,suspicion ,sandwich ,sorry ,safe ,sock ,shoe ,stick ,,,,,,,,,,,,,,,,,,
1211,2,Soon ,sea ,sore ,save ,soap ,savvy ,stop ,start ,stay ,steal ,straw ,string ,strain ,strength ,slave ,slaw ,slope ,slow ,speak ,spoke ,spam ,sprain ,sprocket ,swell ,swank ,swale,,,,,,,
1264,2,Sincere,savour,serendipity,sleep,sour,short,sheriff,stetsum,sand,sure,see,scull,stolen,scared,scar,some,space,,,,,,,,,,,,,,,,
1265,2,Since,sat,seat,sex,security,shovel,soft,soften,seam,sea-breeze,season,situation,sour,shit,said,sad,secure,,,,,,,,,,,,,,,,
1267,2,Solid,spongy,salamander,secret,solve,set,size,short,salad,source,sort,swivel,swing,swallow,salivate,sortie,,,,,,,,,,,,,,,,,
1268,2,Sister,sallow,same,sensor,sore,special,spaghetti,static,state,swallow,sleigh,sketch,shallow,shame,slime,smile,stake,snipe,snippet,sense,scheme,scatter,,,,,,,,,,,
1270,2,Sugar,stable,sufficient,soft,sand,switch,shake,simple,screw,,,,,,,,,,,,,,,,,,,,,,,,
1272,2,Soon,sand,sane,send,seminar,sincere,single,some,sum,satisfied,sushi,sun,summer,sundown,,,,,,,,,,,,,,,,,,,
1273,2,Sat,silly,sun,sorrow,suture,sin,screen,suture,sorry,shallow,skin,saturate,,,,,,,,,,,,,,,,,,,,,
1278,2,Sure,sift,sensational,sorry,sycamore,sweater,socks,satchel,sack,sanctimonious,,,,,,,,,,,,,,,,,,,,,,,
12100,2,Smile,signature,sensible,satisfaction,sausage,single,straight,sound,significant,shadow,symphony,,,,,,,,,,,,,,,,,,,,,,
12104,2,Sugar,sometimes,sane,social,silly,salty,salt,showman,symptom,sex,summer,sand,snow,sky,sea,sun,,,,,,,,,,,,,,,,,
12105,2,System,sinecure,spot,salad,sauce,soporific,somnolent,sleep,sarcastic,steep,sweep,sloppy,smug,spell,sum,spun,star,swipe,,,,,,,,,,,,,,,
12107,2,"Sunflower,","salmon,","soil,","study,","say,","soy,","stand,","slight,","sit,","smitten,","snog,","slate,","slake,","slither,","sloth,","spout,","spore,","sprout,","school,",stool,,,,,,,,,,,,,
12133,2,"Slow,","sinking,","scenario,","strata,","single,","small,","stupid,","spacious,","spat,","sinner,","strobe,","street,","straight,","stick,","switch,","send,","similar,","steady,","sieve,","symmetrical,","sense,","secret,",,,,,,,,,,,
12135,2,"Soon,","stop,","sack,","silly,","someplace,","store,","sample,","section,","shoot,","stamp,","stag,","shallow,","sporting,","silo,","stun,","spare,","spit,","son,","storm,",,,,,,,,,,,,,,
12136,2,"Sink,","storm,","sorrow,","sad,","sparrow,","sentence,","scissors,","stove,","size,","silver,","sort,","swim,","struggle,","sad,","steps,","simple,","screw,",semblance,,,,,,,,,,,,,,,
12159,2,"Salmon,","suck,","sapphire,","setting,","sun,","ship,","shiny,","special,","spasmodic,","sphere,","single,","solitary,","sundial,","satisfaction,","simple,","street,",,,,,,,,,,,,,,,,,
12160,2,Sister,security,sex,sanctify,sell,sallyforth,salamander,ship,steam,stop,start,support,suppose,supply,stamen,,,,,,,,,,,,,,,,,,
12161,2,"Sock,","shoe,","slipper,","slip,","sunflower,","sun,","spice,","sauce,","sedan,","scooter,","soccer,","savings,","symmetry,",,,,,,,,,,,,,,,,,,,,
12164,2,Saw,safety,season,sail,salt,Samson,seas,silly,certify,scale,scar,scratch,scream,still,start,step,salt,season,selfish,,,,,,,,,,,,,,
12165,2,Something,season,seashore,seashell,shell,seesaw,sabre,sudden,socks,sucks,something,somewhere,sometime,sum,some,sugar,shack,sudden,savour,somebody,sallow,sack,,,,,,,,,,,
12166,2,Sierra,sea,sugar,September,seven,summer,sat,single,sextant,sobering,September,summer,solo,sapphire,,,,,,,,,,,,,,,,,,,
12191,2,Saturn,sclerosis,simple,seductive,scary,sometimes,summer,somewhere,success,sadistic,saddened,safety,samurai,,,,,,,,,,,,,,,,,,,,
12252,2,"Sugar,","spice,","skunk,","silly,","super,","special,","sentiment,","senior,","several,","smelly,","singular,",sick,,,,,,,,,,,,,,,,,,,,,
12263,2,"Space,","solution,","September,","succumb,","seven,","sentiment,","soccer,","suction,","special,","sensitive,","sense,","secret,","sanitary,",,,,,,,,,,,,,,,,,,,,
12203,2,"sing,","song,","sight,","several,","six,","side,","source,","sign,","signed,","site,","since,","signal,","sift,",sieve,,,,,,,,,,,,,,,,,,,
12280,2,"Same,","simple,","suffix,","save,","similar,","survey,",site,,,,,,,,,,,,,,,,,,,,,,,,,,
12287,2,"Shore,","sea,","stay,","solve,","solution,","sing,","song,","scribe,","scribbler,","sun,","son,","silly,","sometimes,","sunshine,","sav,","slob,","savvy,",sensible,,,,,,,,,,,,,,,
BJ,,,,,,,,,,,,,,,,,,,,,,,,,,,,,,,,,,
12288,2,Something,sunflower,sorrow,slip,strip,stun,sully,sage,serious,surround,syrup,salacious,,,,,,,,,,,,,,,,,,,,,
12289,2,sierra,serious,simple,saturated,sycophantic,saline,satisfactory,,,,,,,,,,,,,,,,,,,,,,,,,,
12291,2,so,some,saw,sorry,sassafras,solemn,sale,sudden,syndrome,sink,seldom,shook,sleeve,slam,slang,smut,,,,,,,,,,,,,,,,,
12293,2,sit,solo,seen,sing,sigh,significant,soap,sand,sail,sac,self,sofa,soft,soaking,silly,septic,string,straw,sling,slap.,,,,,,,,,,,,,
12295,2,snake,serpent,saint,sun,silver,socks,shoes,straps,star,sky,silk,satin,sheer,shine,sorbet,skin,sex,sunflower,,,,,,,,,,,,,,,
12296,2,sap,sail,sack,sarsaparilla,sea,said,sex,scent,self,secular,sue,solemn,suck,suds,sin,simple,sight,subtle,sell.,,,,,,,,,,,,,,
12301,2,start,spontaneous,sponge,syringe,squirrel,speed,swift,scissors,sieve,Swiss chard,surround,semantic,semi,semaphore,,,,,,,,,,,,,,,,,,,
12312,2,success,store,sunny,stupid,serious,surround,sling,summit,suit,skirt,sweater,shoes,slipper,surreal,sublime,sundae,,,,,,,,,,,,,,,,,
12318,2,soul,sew,soon,sung,several,such,sometimes,saw,sky,star,seem,said,shoe,,,,,,,,,,,,,,,,,,,,
12321,2,sabot,sabre,sable,sack,sachet,sacred,sacristy,sad,saddle,sage,sail,Sake,salary,sale,same,sane,sanctimonious,soap,several,steeple,,,,,,,,,,,,,
12322,2,salamander,salad,snake,saskatoonberry,sassafras,subtraction,salmonella,shit,supposition,suppository,silk,scissors,sunbathe,,,,,,,,,,,,,,,,,,,,
12323,2,soon,superlative,since,supper,socks,syntax,supercilious,swim,sea,swine,success,simple,sapper,,,,,,,,,,,,,,,,,,,,
12324,2,squirrel,skunk,sincere,silent,special,super,seal,sore,silicone,serpent,sea,see,spider,slide,slippery,,,,,,,,,,,,,,,,,,
12326,2,sample,set,skunk,square,settee,single,sex,sinus,sunset,somebody,super,sincere,,,,,,,,,,,,,,,,,,,,,
12327,2,sorry,sleep,snob,smell,solo,snap,smack,smote,snake,syntax,synapse,silicone,silly,,,,,,,,,,,,,,,,,,,,
12348,2,so,sorry,saxophone,sun,sarcastic,strong,style,sly,sky,scrunch,soak,scrub,sore,soon,,,,,,,,,,,,,,,,,,,
12350,2,seems,sow,sometimes,summer,squash,spinach,street,slip,shovel,shawl,shoot,single,smooth,soft,,,,,,,,,,,,,,,,,,,
12354,2,simple,sample,supple,sincere,sanctuary,sit,sack,sap,star,stay,starch,stich,suck,sweet,silly,sophisticated,spurious,stupid,slap,squash,spit,spot,sputter,,,,,,,,,,
12356,2,see,some,sue,sooth,song,silent,slither,skunk,snake,spider,smooth,stop,start,stay,stammer,spunk,spot,star,sun,summer,,,,,,,,,,,,,
12357,2,sign,sad,silly,sap,sorry,senior,sophisticated,swelling,sorrow,sympathetic,silk,saturated,synthetic,simplistic,surrender,satin,syrup,serene,sand,sarcastic,synthesizer,,,,,,,,,,,,
12358,2,stairs,stalwart,stallion,sat,said,subject,subtract,subterranean,submarine,satisfied,squirrel,story,steed,,,,,,,,,,,,,,,,,,,,
12367,2,say,stable,sex,sophomore,someday,school,search,stubborn,sole,smother,situation,scared,screech,sin,,,,,,,,,,,,,,,,,,,
12369,2,shy,sly,sliver,scissors,system,slip,shoe,something,somewhere,somehow,show,shimmer,shiver,silver,,,,,,,,,,,,,,,,,,,
12389,2,sheep,she,size,similar,shape,say,save,ship,sea,sand,shovel,seat,season,summer,seed,sage,,,,,,,,,,,,,,,,,
12559,2,slob,shit,sexy,snob,sleuth,stubborn,soup,submarine,salad,sad,sail,sell,,,,,,,,,,,,,,,,,,,,,
12560,2,satisfactory,since,salacious,south,sanction,station,statement,standing,self,serve,suck,sex,sick,slick,,,,,,,,,,,,,,,,,,,
12561,2,summer,sunshine,sister,somewhere,sometime,such,sane,simmer,simple,sound,several,singer,,,,,,,,,,,,,,,,,,,,,
12562,2,sew,sow,sorry,sad,sick,sell,sap,sore,slap,sloop,slick,shore,shop,school,score,soap,,,,,,,,,,,,,,,,,
12564,2,same,said,satisfy,sedentary,sit,suit,simile,simmer,suggest,stay,stationary,skyscraper,sky,,,,,,,,,,,,,,,,,,,,
12565,2,sex,sewing,soon,sheep,sun,sky,stars,strawberries,shirt,socks,,,,,,,,,,,,,,,,,,,,,,,
12566,2,sensitive,savage,sex,sunny,solicitous,sap,sunshine,surreptitious,seal,sanction,sober,sonorous,sonar,selfish,salacious,sir,surf,silly,,,,,,,,,,,,,,,
12567,2,sense,systematic,symbol,street,store,student,stymied,school,syntax,soliloquy,stop,stare,stem,,,,,,,,,,,,,,,,,,,,
12568,2,simple,sample,serpent,sanctuary,stationary,scramble,stick,spot,spit,stop,stare,stood,silly,salute,sway,swoon,swallow,swamp,,,,,,,,,,,,,,,
12569,2,sandpaper,sorting,screech,street,score,sandbag,sin,sorry,sable,sundress,sunrise,,,,,,,,,,,,,,,,,,,,,,
12570,2,smart,silly,stupid,super,stupendous,splendid,skinny,slow,sassy,snazzy,sac religious,sensible,serious,studious,,,,,,,,,,,,,,,,,,,
12571,2,sampan,station,spiral,sarsaparilla,stink,story,spatial,sad,snippy,sinecure,soon,somewhat,,,,,,,,,,,,,,,,,,,,,
12573,2,sanity,simple,sugar,sing,sense,sign,sorry,slave,slap,slow,slim,slender,slug,single,since,sincere,sibling,sister,smother,smite,smore,sorry,sole,something,,,,,,,,,
12574,2,sand,savior,saddle,sunshine,snort,sniff,sad,,,,,,,,,,,,,,,,,,,,,,,,,,
12575,2,sure,supposed,satisfactory,staples,sheep,sunshine,soliloquy,supper,straight,scary,slaphappy,shameless,science,support,,,,,,,,,,,,,,,,,,,
12576,2,silver,simply,stretcher,swimming,sweating,sweet,sour,street,story,stayed,strip,salt,suit,sweater,secret,,,,,,,,,,,,,,,,,,
12577,2,,,,,,,,,,,,,,,,,,,,,,,,,,,,,,,,,
12578,2,sea,saw,sable,sent,sew,see,stand,stable,scream,screech,sane,same,some,,,,,,,,,,,,,,,,,,,,
12579,2,safety,single,sanitary,someone,scared,somebody,sanctity,symbolic,sponge,sister,spiritual,saucer,stove,,,,,,,,,,,,,,,,,,,,
12580,2,sample,specimen,street,suffer,such,symbol,sky,safety,sow,such,subject,sound,society,someday,sacred,satisfaction,store,,,,,,,,,,,,,,,,
12581,2,stalk,side,sandwich,sand,silly,sit,speak,sink,softball,skiing,,,,,,,,,,,,,,,,,,,,,,,
12582,2,snowbird,sauder,shoot,sit,some,solve,sew,sieve,silo,sewer,sod,sorry,sip,she,Shelley,saw,,,,,,,,,,,,,,,,,
12583,2,shirt,socks,school,sheet,sister,size,sky,silence,sibling,seizure,,,,,,,,,,,,,,,,,,,,,,,
12586,2,salad,sunshine,strong,share,senses,star,salute,sliver,silver,special,similar,story,strange,separate,soldier,sight,shallow,stink,,,,,,,,,,,,,,,
12591,2,sleep,slumber,sheet,shower,sun,slide,slip,shirt,shoes,socks,shine,shit,storm,,,,,,,,,,,,,,,,,,,,
12592,2,sun,somber,sandals,sand,sort,swift,sassy,silly,souvenir,street,source,sorcerer,sad,sable,safe,sex,,,,,,,,,,,,,,,,,
12594,2,saturate,sin,system,setup,section,suction,spent,span,seclude,sunshine,shine,shout,show,sent,single,suppose,,,,,,,,,,,,,,,,,
12597,2,saccharide,something,somewhere,someone,salt,sincere,satisfactory,sultry,sergeant,simply,softly,Sartorial,strangle,,,,,,,,,,,,,,,,,,,,
12602,2,shoe,shampoo,same,seem,self,set,share,shelf,shy,story,stream,stair,swear,sweater,swish,score,,,,,,,,,,,,,,,,,
12615,2,sap,set,sick,section,sapling,scope,study,sect,,,,,,,,,,,,,,,,,,,,,,,,,
12621,2,shut,sound,salvation,soda,silly,sat,shunt,shallow,shucks,salute,service,satan,,,,,,,,,,,,,,,,,,,,,
12622,2,substance,system,simplify,sort,satisfy,stimulate,street,stipulate,shoe,sharpen,sheaf,share,sheet,sleep,steer,steam,staple,stretch,stripe,,,,,,,,,,,,,,
12624,2,similar,simplify,semicolon,sea,sought,sandwich,sufficient,sew,soft,sample,seem,seen,select,saliva,social,solar,search,,,,,,,,,,,,,,,,
12628,2,sex,sister,support,solicitor,synopsis,swimmer,spacious,spectacle,spare,splat,slam,star,strep,strap,strop,sit,spit,skit,slit,shit,swift,swill,squire,squeamish,stop,start,spill,stilt,,,,,
12727,2,snake,sleep,sensitive,silky,stop,snore,scapula,suture,show,soul,slobber,sneeze,stair,stare,,,,,,,,,,,,,,,,,,,
12728,2,silly,soul,solo,sandwich,sand,send,slide,slope,sleet,some,savor,slam,slap,silicon,special,spoke,spike,stuck,stick,steak,,,,,,,,,,,,,
12729,2,sign,significant,sin,sand,syntax,son,sun,sonar,sorry,serious,,,,,,,,,,,,,,,,,,,,,,,
9377,2,school,single,shine,sun,star,something,smile,supper,sum,soothing,steadfast,steady,see,,,,,,,,,,,,,,,,,,,,
12749,2,sister,sob,sad,silly,sink,suffer,sorrow,somnolent,somber,sleep,slip,slap,spill,spell,skeptic,scream,steam,sclerosis,smell,small,smitten,save,savor,,,,,,,,,,
12752,2,shank,sawdust,saw,she,sheep,swine,swallow,sway,swan,swear,seek,sea,seen,set,square,seem,sowing,shin,seat,,,,,,,,,,,,,,
12756,2,Simple,static,sincere,scotch tape,sarsaparilla,sugar,syrup,sweater,socks,shorts,standard,supply,sustain,succulent,simpleton,stud,stamp,steeple,stumble,stupor,sinking,ship,stairs,,,,,,,,,,
12758,2,,,,,,,,,,,,,,,,,,,,,,,,,,,,,,,,,
12759,2,sea,season,scissors,slow,sector,simple,sold,sway,swather,saxophone,,,,,,,,,,,,,,,,,,,,,,,
12770,2,,,,,,,,,,,,,,,,,,,,,,,,,,,,,,,,,
12771,2,Sargent,sanction,safe,sacristy,saddle,sadistic,sacrilege,saffron,suffrage,slow,slink,slurry,slew,sequence,secrete,suffer,sorry,songe,soap,sofa,,,,,,,,,,,,,
12774,2,Simple,sex,snake,sorority,several,sargent,study,system,snob,snot,snit,shore,,,,,,,,,,,,,,,,,,,,,
12777,2,saw,shallow,surface,shine,sturdy,shelter,system,scurvy,shampoo,soap,sun,shiver,silver,,,,,,,,,,,,,,,,,,,,
12780,2,sand,sun,sensitive,sensual,superior,shift,slick,slide,state,sentence,substitute,spontaneous,supper,sport,spend,snow,smitten,strict,swim,swath,say,save,stand,stoop,stop,,,,,,,,
,,,,,,,,,,,,,,,,,,,,,,,,,,,,,,,,,,
1329,3,"Sane,","sample,","ship,","sought,","Santa,","sack,","sash,","sympathize,","simple,","stack,","stock,","sap,","similar,","sister,","stand,","stem,","snow,","snack,","snap,","snit,",,,,,,,,,,,,,
1331,3,"Sleep,","sun,","sell,","sap,","some,","seen,","story,","stink,","stub,","sap,","chesterfield,","sit,","some,",,,,,,,,,,,,,,,,,,,,
1341,3,"School,","social,","seem,","sure,","special,",specific,,,,,,,,,,,,,,,,,,,,,,,,,,,
1388,3,"Sample,","simple,","seeded,","sarcastic,","secluded,","sapphire,","sheer,","shop,","showman,","showpiece,","simple,",serious,,,,,,,,,,,,,,,,,,,,,
1389,3,"Season,","sickle,","sense,","source,","service,","sentinel,","security,","scorpion,","sizzle,","sausage,","sewer,","sister,","supine,","silly,","soap,","soup,","sauce,",super.,,,,,,,,,,,,,,,
13102,3,"Sand,","saxophone,","set,","sand,","someone,","somewhere,","somehow,","sometimes,","set,","somewhere,","somehow,","sometimes,","sextet,","somehow,","summertime,",,,,,,,,,,,,,,,,,,
13108,3,"Smith,","silence,","significance,","signal,","safety,","sincere,","self,","see,","sight,","silence,","staple,","stagnant,","stage,","stink,","self,","shore,","separate,",significant,,,,,,,,,,,,,,,
13157,3,"Sierra,","sand,","subordinate,","senior,","single,","superfluous,","subject,","synonymous,","surreal,","subjugate,","situation,","status,","survey,","surrender,","show,","sleepy,","slang,","slough,","slew,","scrounge,","squiggle,","squander,","sceptic,","swan,","swat,","swindle,",superfluous,,,,,,
13167,3,"Sierra,","sloppy,","slimy,","slinky,","slurp,","speed,","smile,","sin,","snort,","sailboat,","swimming,","soft,","sexy,","serious,","salm,","smooth,","smart,","sympathetic,","solitary,","symbol,","strike,","small,",smitten,,,,,,,,,,
13179,3,Support,stand,sentence,syllable,stretch,separate,star,sandwich,simple,set,square,stove,steps,serine,sidewalk,stone,seat,step,sequence,sequel,support,star,sand,,,,,,,,,,
13215,3,"Sow,","Sing,","Soldier,","Skip,","Sergeant,","Straight,","Sing,","Carrot,","Stop,","Secret,","Soup,",Straight,Sweet,,,,,,,,,,,,,,,,,,,,
13220,3,"Salamander,","Salacious,","Sardonic,","Separate,","Second,","Serendipitous,","Sacred,","Simple,","Syndicate,","Signal,","Salacious,","Serenade,","Surreptitious,","Surrender,","Something,",Sandal???(Not,sure,what,is,being,"said),",Septuagenarian,,,,,,,,,,,
13230,3,sex,soft,safe,sudden,store,status,sunk,slap,swap,save,savour,stalk,said,semester,satisfy,,,,,,,,,,,,,,,,,,
13234,3,smile,smart,sugar,statement,statistic,satisfactory,sum,some,summer,statistical,statue,statement,snail,statement,stall,stellar,systemic,sensuous,satisfactory,,,,,,,,,,,,,,
13236,3,street,sand,story,son,sandals,salt,scissors,sanitarium,sex,set,summer,solicitude,stream,,,,,,,,,,,,,,,,,,,,
13274,3,Sweater,sweet,sore,skin,slog,secret,story,scandal,sock,slipper,shoe,sorry,store,stake,spoon,slip,,,,,,,,,,,,,,,,,
13273,3,"Song, soda",,,,,,,,,,,,,,,,,,,,,,,,,,,,,,,,
13282,3,"Sun,","son,","such,","surprise,","stupid,","suspended,","such,","spears,","size,",sister,,,,,,,,,,,,,,,,,,,,,,,
BJ,,,,,,,,,,,,,,,,,,,,,,,,,,,,,,,,,,
13428,3,small,silly,sally,sad,synonym,standing,stool,saber,strand,,,,,,,,,,,,,,,,,,,,,,,,
13441,3,silent,sink,sorry,sure,sugar,several,sentence,scene,so-called,ski,sand,simple,,,,,,,,,,,,,,,,,,,,,
13442,3,shirt,sheet,shovel,shed,steam boat,stocking,stale,stencil,server,,,,,,,,,,,,,,,,,,,,,,,,
13447,3,sun,shower,silly,salt,silk,some,smith,,,,,,,,,,,,,,,,,,,,,,,,,,
13452,3,short,sand,silk,someone,selfish,site,similar,seeing,sawing,sincere,shelf,shelling,selling,,,,,,,,,,,,,,,,,,,,
13455,3,sincere,solo,singing,separate,stop,shine,speak,say,shallow,styling,shore,ships,steam,silver,suppose,store,,,,,,,,,,,,,,,,,
13457,3,sugar,soup,sacrifice,sign,significant,,,,,,,,,,,,,,,,,,,,,,,,,,,,
13460,3,ski,staple,satisfy,see,sir,some,son,stir,space,,,,,,,,,,,,,,,,,,,,,,,,
13477,3,sonar,spring,science,shuffle,sign,stupid,seagull,shore,stamina,silly,squash,shingle,shutters,sills,,,,,,,,,,,,,,,,,,,
13479,3,sour,sock,silver,soon,scissors,scent,superior,stockings,slipper,sand,sook,sunset,skin,scones,spin,,,,,,,,,,,,,,,,,,
13480,3,solace,sun,sure,solitary,several,still,soaked,soap,silliness,sobriety,socialize,stubby,slim,sort,sweet,success,stiffness,,,,,,,,,,,,,,,,
13481,3,salmon,sharer,safety,sanitate,silver,soften,shift,sorrow,silly,significant,straight,stir,sumac,stunned,stick,sad,saw,several,skeleton,,,,,,,,,,,,,,
13482,3,ship,sultry,sandwich,sarsaparilla,satisfaction,sarcasm,saliva,stove,star,stand,stoop,stunt,station,stark,sand,sideways,silly,sort,,,,,,,,,,,,,,,
13483,3,sunshine,sedentary,shoe,song,summer,spring,sibling,,,,,,,,,,,,,,,,,,,,,,,,,,
13484,3,,,,,,,,,,,,,,,,,,,,,,,,,,,,,,,,,
13486,3,sample,sound,street,staple,start,stop,sofa,sit,stand,sky,surface,,,,,,,,,,,,,,,,,,,,,,
13487,3,save,salute,scrounge,scam,screw,staple,suave,serve,select,soon,space,spell,sprout,stem,stove,stock,,,,,,,,,,,,,,,,,
13507,3,snake,snow,sex,shovel,spoon,snap,sun,set,salt,shaker,,,,,,,,,,,,,,,,,,,,,,,
13508,3,she,sunshine,see,seize,seas,seashells,salt,sugar,seafood,,,,,,,,,,,,,,,,,,,,,,,,
13558,3,salt,sandwich,sore,sand,sin,scent,syphilis,sable,star,step,semantics,,,,,,,,,,,,,,,,,,,,,,
13584,3,symbolism,success,sewer,simple,specific,sunshine,singing,superstitious,sister,school,scared,soft,sour,sweet,sugary,spaghetti,sauce,,,,,,,,,,,,,,,,
13605,3,secret,saturate,season,standard,schedule,success,savory,selective,stream,sunlight,surrounded,,,,,,,,,,,,,,,,,,,,,,
13609,3,signal,survive,surfing,stagnant,sophisticated,sober,sanctuary,slipper,stone,stenographer,silly,,,,,,,,,,,,,,,,,,,,,,
13618,3,snake,shampoo,squirrel,solar system,synopsis,sorbet,superman,single,significant,short,,,,,,,,,,,,,,,,,,,,,,,
13619,3,salt,sugar,singular,soap,sand,sincere,single,send,soar,sorry,sea,sentry,silly,snob,snit,snood,safe,slap,spit,spigot,,,,,,,,,,,,,
13623,3,sin,sample,street,steady,satisfaction,scent,staple,start,stand,strip,slice,slap,slow,slim,slut,slam,sorry,sink,suit,sweet,,,,,,,,,,,,,
13632,3,sweetheart,suspicious,sentence,silent,syrup,sugar,sweet potatoes,sandwich,swag,stationary,stove,scissors,,,,,,,,,,,,,,,,,,,,,
13633,3,stop,stay,swerve,swindle,sweater,summer,syntax,symphony,sunshine,syllabus,,,,,,,,,,,,,,,,,,,,,,,
13641,3,sun,series,sentence,sand,sensitive,summit,sandals,site,,,,,,,,,,,,,,,,,,,,,,,,,
13642,3,ship,silver,street,semicolon,several,soup,,,,,,,,,,,,,,,,,,,,,,,,,,,
13647,3,sickle,single,salad,sill,sausage,storm,summit,slumber,,,,,,,,,,,,,,,,,,,,,,,,,
13649,3,salvation,sentry,substitute,sensation,suitable,solve,savior,sentence,souvenir,satisfactory,,,,,,,,,,,,,,,,,,,,,,,
13657,3,set,soil,soonest,separate,seep,sanity,sandstorm,simple,similar,sort,service,serenade,supply,sift,senior,shoes,,,,,,,,,,,,,,,,,
13659,3,sum,stitch,sunshine,seek,saw,seen,self,sensible,sensitivity,seeds,soap,sidewalk,sew,soother,street,,,,,,,,,,,,,,,,,,
13681,3,,,,,,,,,,,,,,,,,,,,,,,,,,,,,,,,,
13683,3,,,,,,,,,,,,,,,,,,,,,,,,,,,,,,,,,
13684,3,soul,strategy,star,sable,success,scatter,similar,scavenger,sacred,,,,,,,,,,,,,,,,,,,,,,,,
13696,3,so,surely,sudden,somewhere,sums,same,sugar,spice,special,scent,such,soon,,,,,,,,,,,,,,,,,,,,,
13697,3,same,safety,scatter,sad,sane,sea,share,sit,saddle,shout,sound,shore,stand,survey,sway,,,,,,,,,,,,,,,,,,
13704,3,,,,,,,,,,,,,,,,,,,,,,,,,,,,,,,,,
13711,3,,,,,,,,,,,,,,,,,,,,,,,,,,,,,,,,,
13740,3,,,,,,,,,,,,,,,,,,,,,,,,,,,,,,,,,
13742,3,silly,save,social,success,sample,single,serviette,shackle,salvation,saw,surplus,simple,sable,,,,,,,,,,,,,,,,,,,,
13745,3,strange,superimpose,story,satisfy,strong,storm,statue,simple,straightforward,,,,,,,,,,,,,,,,,,,,,,,,
13747,3,Sun,sweet,sauce,sugar,satisfy,street,stop,story,strum,scuba,swarm,snarl,snip,scissors,society,sure,stent,study,sturdy,,,,,,,,,,,,,,
13786,3,sanitary,sink,spot,square,stove,shirt,sweatshirt,sing,sort,salting,student,synonym,stream,,,,,,,,,,,,,,,,,,,,
13807,3,sand,shore,settle,severe,strange,silly,sexy,sorting,sky,single,,,,,,,,,,,,,,,,,,,,,,,